date,value
2006-06-13,18.9019
2006-06-20,16.3136
2006-06-27,15.2880
2006-07-03,15.8051
2006-07-11,17.9362
2006-07-18,18.7403
2006-07-25,17.7379
2006-08-01,18.9907
2006-08-08,19.9378
2006-08-15,17.9696
2006-08-22,16.3531
2006-08-29,13.2864
2006-09-05,15.0256
2006-09-12,11.6534
2006-09-19,9.7868
2006-09-26,9.3284
2006-10-03,8.2954
2006-10-10,5.8077
2006-10-17,6.2658
2006-10-24,3.6458
2006-10-31,6.1475
2006-11-07,10.8228
2006-11-14,11.3422
2006-11-21,10.8639
2006-11-28,11.2754
2006-12-05,13.2255
2006-12-12,12.5442
2006-12-19,9.7618
2006-12-26,9.2355
2007-01-03,10.9822
2007-01-09,5.9099
2007-01-16,8.3736
2007-01-23,12.9303
2007-01-30,17.1136
2007-02-06,18.7171
2007-02-13,20.5924
2007-02-20,19.8579
2007-02-27,21.7229
2007-03-06,14.0660
2007-03-13,13.7383
2007-03-20,14.0785
2007-03-27,15.7445
2007-04-03,16.2054
2007-04-10,18.3097
2007-04-17,22.2018
2007-04-24,20.6550
2007-05-01,21.7297
2007-05-08,22.7649
2007-05-15,17.8130
2007-05-22,13.5066
2007-05-29,12.8228
2007-06-05,16.8783
2007-06-12,8.2933
2007-06-19,9.8375
2007-06-26,4.5045
2007-07-03,7.2215
2007-07-10,8.1670
2007-07-17,9.5321
2007-07-24,20.0218
2007-07-31,13.3970
2007-08-07,15.3648
2007-08-14,15.9063
2007-08-21,10.4649
2007-08-28,13.0448
2007-09-04,18.6062
2007-09-11,22.3270
2007-09-18,25.0182
2007-09-25,27.3799
2007-10-02,28.6347
2007-10-09,30.5674
2007-10-16,30.4960
2007-10-23,28.1978
2007-10-30,28.5197
2007-11-06,26.3174
2007-11-13,25.2800
2007-11-20,24.7288
2007-11-27,25.1571
2007-12-04,25.0596
2007-12-11,25.7855
2007-12-18,24.8426
2007-12-24,25.4040
2007-12-31,26.5615
2008-01-08,26.1795
2008-01-15,24.9912
2008-01-22,25.8938
2008-01-29,28.9513
2008-02-05,30.1479
2008-02-12,30.0984
2008-02-19,30.5733
2008-02-26,29.6573
2008-03-04,27.9172
2008-03-11,27.8692
2008-03-18,25.7301
2008-03-25,26.0495
2008-04-01,26.6387
2008-04-08,26.3408
2008-04-15,26.8656
2008-04-22,27.0112
2008-04-29,24.8714
2008-05-06,23.0860
2008-05-13,21.8753
2008-05-20,26.1826
2008-05-27,29.0581
2008-06-03,28.0502
2008-06-10,23.8567
2008-06-17,24.6338
2008-06-24,23.9435
2008-07-01,28.5891
2008-07-08,28.2542
2008-07-15,27.0878
2008-07-22,27.0296
2008-07-29,27.0116
2008-08-05,25.6907
2008-08-12,18.3524
2008-08-19,14.3029
2008-08-26,13.1459
2008-09-02,10.2480
2008-09-09,7.9018
2008-09-16,8.0865
2008-09-23,14.0648
2008-09-30,16.1476
2008-10-07,15.3607
2008-10-14,15.4348
2008-10-21,12.4051
2008-10-28,10.6020
2008-11-04,10.9732
2008-11-11,9.1040
2008-11-18,10.0072
2008-11-25,16.4478
2008-12-02,17.7660
2008-12-09,17.1719
2008-12-16,19.7221
2008-12-22,22.7454
2008-12-30,23.3894
2009-01-06,23.8159
2009-01-13,22.5897
2009-01-20,22.1060
2009-01-27,23.9440
2009-02-03,26.6434
2009-02-10,26.8630
2009-02-17,25.2782
2009-02-24,25.6743
2009-03-03,27.5266
2009-03-10,26.2075
2009-03-17,25.6576
2009-03-24,24.3967
2009-03-31,27.3203
2009-04-07,24.7232
2009-04-14,25.4820
2009-04-21,24.8649
2009-04-28,24.7401
2009-05-05,26.1966
2009-05-12,27.3609
2009-05-19,27.5122
2009-05-26,29.6937
2009-06-02,31.2929
2009-06-09,32.9653
2009-06-16,31.1755
2009-06-23,29.8488
2009-06-30,29.4332
2009-07-07,30.2454
2009-07-14,27.8533
2009-07-21,30.3231
2009-07-28,30.9373
2009-08-04,34.1180
2009-08-11,33.0582
2009-08-18,29.4110
2009-08-25,30.8221
2009-09-01,30.7629
2009-09-08,32.9372
2009-09-15,34.3742
2009-09-22,34.0910
2009-09-29,35.0402
2009-10-06,34.7082
2009-10-13,35.5864
2009-10-20,35.1829
2009-10-27,33.7478
2009-11-03,33.8580
2009-11-09,31.4288
2009-11-17,29.6854
2009-11-24,33.0069
2009-12-01,31.3531
2009-12-08,30.6130
2009-12-15,30.5313
2009-12-22,29.3206
2009-12-29,29.4889
2010-01-05,28.1380
2010-01-12,27.4076
2010-01-19,27.1584
2010-01-26,27.0404
2010-02-02,28.3601
2010-02-09,24.6129
2010-02-16,26.1176
2010-02-23,26.6043
2010-03-02,27.3489
2010-03-09,26.6750
2010-03-16,25.6068
2010-03-23,23.5680
2010-03-30,24.7503
2010-04-06,27.5233
2010-04-13,28.9021
2010-04-20,28.9940
2010-04-27,30.0179
2010-05-04,29.1343
2010-05-11,27.4172
2010-05-18,27.5620
2010-05-25,27.1707
2010-06-01,28.2700
2010-06-08,27.7073
2010-06-15,27.8085
2010-06-22,27.5888
2010-06-29,27.1298
2010-07-06,23.9623
2010-07-13,24.0502
2010-07-20,19.6392
2010-07-27,21.2223
2010-08-03,22.7893
2010-08-10,22.8888
2010-08-17,24.5103
2010-08-24,26.5257
2010-08-31,27.6839
2010-09-07,27.3772
2010-09-14,27.6475
2010-09-21,26.8206
2010-09-28,27.6207
2010-10-05,25.7760
2010-10-12,25.8057
2010-10-19,23.9765
2010-10-26,23.8745
2010-11-02,22.7987
2010-11-09,20.5140
2010-11-16,18.7197
2010-11-23,21.7781
2010-11-30,22.6989
2010-12-07,22.1594
2010-12-14,21.2273
2010-12-21,20.1363
2010-12-28,21.1591
2011-01-04,19.9194
2011-01-11,18.1213
2011-01-18,16.7686
2011-01-25,17.6262
2011-02-01,19.4615
2011-02-08,22.3298
2011-02-15,24.0644
2011-02-22,25.1794
2011-03-01,27.1208
2011-03-08,26.8863
2011-03-15,25.0074
2011-03-22,25.5213
2011-03-29,29.6310
2011-04-05,30.5021
2011-04-12,29.2805
2011-04-19,29.2993
2011-04-26,28.8768
2011-05-03,27.0818
2011-05-10,25.1987
2011-05-17,23.9854
2011-05-24,23.8779
2011-05-31,28.8876
2011-06-07,29.6182
2011-06-14,28.3505
2011-06-21,30.1794
2011-06-28,25.7670
2011-07-05,25.3151
2011-07-12,28.6556
2011-07-19,27.9016
2011-07-26,29.4652
2011-08-02,31.0121
2011-08-09,24.1140
2011-08-16,22.9396
2011-08-23,19.4491
2011-08-30,20.4574
2011-09-06,19.6323
2011-09-13,18.8364
2011-09-20,16.6082
2011-09-27,15.6998
2011-10-04,15.8193
2011-10-11,16.3174
2011-10-18,16.0615
2011-10-25,17.1503
2011-11-01,18.8653
2011-11-08,19.7663
2011-11-15,20.4792
2011-11-22,21.9915
2011-11-29,22.6175
2011-12-06,23.0763
2011-12-13,20.6312
2011-12-20,17.5763
2011-12-27,17.9302
2012-01-03,17.2071
2012-01-10,17.1490
2012-01-17,17.5235
2012-01-24,19.1212
2012-01-31,24.1369
2012-02-07,25.1519
2012-02-14,24.2377
2012-02-21,25.0558
2012-02-28,26.7859
2012-03-06,21.5944
2012-03-13,20.2728
2012-03-20,16.7701
2012-03-27,20.8193
2012-04-03,18.9651
2012-04-10,17.0900
2012-04-17,17.5321
2012-04-24,16.7628
2012-05-01,17.8909
2012-05-08,13.8549
2012-05-15,11.2414
2012-05-22,10.6204
2012-05-29,11.4709
2012-06-05,13.9786
2012-06-12,14.3370
2012-06-19,14.9098
2012-06-26,12.8256
2012-07-03,16.1570
2012-07-10,13.2149
2012-07-17,13.6433
2012-07-24,10.5410
2012-07-31,14.9310
2012-08-07,13.7340
2012-08-14,13.2421
2012-08-21,17.0877
2012-08-28,19.6484
2012-09-04,20.4022
2012-09-11,21.6865
2012-09-18,22.0598
2012-09-25,25.0076
2012-10-02,25.7567
2012-10-09,26.1012
2012-10-16,25.2043
2012-10-23,22.5482
2012-10-30,21.7253
2012-11-06,18.5828
2012-11-13,19.5157
2012-11-20,20.4839
2012-11-27,25.9115
2012-12-04,20.6586
2012-12-11,20.7755
2012-12-18,17.7547
2012-12-24,16.1565
2012-12-31,17.7683
2013-01-08,14.9719
2013-01-15,15.5729
2013-01-22,16.3052
2013-01-29,13.7236
2013-02-05,14.2316
2013-02-12,11.1729
2013-02-19,6.3531
2013-02-26,8.4332
2013-03-05,5.9417
2013-03-12,6.3338
2013-03-19,9.9837
2013-03-26,9.4887
2013-04-02,7.2896
2013-04-09,8.5774
2013-04-16,7.6200
2013-04-23,5.5984
2013-04-30,7.3047
2013-05-07,6.3092
2013-05-14,4.8571
2013-05-21,4.2122
2013-05-28,6.9507
2013-06-04,8.6543
2013-06-11,8.0810
2013-06-18,5.6507
2013-06-25,4.4904
2013-07-02,4.4152
2013-07-09,4.4134
2013-07-16,6.7424
2013-07-23,8.4360
2013-07-30,9.0502
2013-08-06,6.5178
2013-08-13,7.7338
2013-08-20,9.8004
2013-08-27,13.5389
2013-09-03,13.7118
2013-09-10,11.7721
2013-09-17,9.4926
2013-09-24,10.7839
2013-10-01,10.5792
2013-10-08,12.3129
2013-10-15,8.7333
2013-10-22,11.0901
2013-10-29,14.4796
2013-11-05,12.6027
2013-11-12,7.6567
2013-11-19,6.1108
2013-11-26,4.9874
2013-12-03,4.1767
2013-12-10,5.3107
2013-12-17,4.9539
2013-12-24,4.3000
2013-12-31,5.4255
2014-01-07,6.3844
2014-01-14,6.5106
2014-01-21,6.5314
2014-01-28,9.9780
2014-02-04,9.8644
2014-02-11,11.2260
2014-02-18,13.8404
2014-02-25,17.8589
2014-03-04,18.0063
2014-03-11,17.9769
2014-03-18,19.4428
2014-03-25,17.7699
2014-04-01,17.4942
2014-04-08,16.0258
2014-04-15,14.3524
2014-04-22,14.3270
2014-04-29,14.4682
2014-05-06,15.7964
2014-05-13,14.6975
2014-05-20,14.1818
2014-05-27,11.2096
2014-06-03,8.4482
2014-06-10,8.5617
2014-06-17,11.0676
2014-06-24,17.8879
2014-07-01,21.6599
2014-07-08,22.5953
2014-07-15,20.6359
2014-07-22,21.1575
2014-07-29,21.2186
2014-08-05,18.4910
2014-08-12,22.9940
2014-08-19,20.3529
2014-08-26,16.7858
2014-09-02,13.0313
2014-09-09,11.8817
2014-09-16,8.9122
2014-09-23,6.8667
2014-09-30,6.1864
2014-10-07,6.0160
2014-10-14,8.1076
2014-10-21,11.2491
2014-10-28,10.9566
2014-11-04,6.5187
2014-11-11,5.2585
2014-11-18,7.9829
2014-11-25,11.1270
2014-12-02,13.7380
2014-12-09,17.4743
2014-12-16,17.4223
2014-12-23,16.3178
2014-12-30,17.2816
2015-01-06,17.8735
2015-01-13,18.8743
2015-01-20,20.7981
2015-01-27,25.5463
2015-02-03,25.3422
2015-02-10,21.9865
2015-02-17,18.2844
2015-02-24,17.4616
2015-03-03,14.6859
2015-03-10,10.2930
2015-03-17,5.2577
2015-03-24,4.7449
2015-03-31,7.9767
2015-04-07,11.2783
2015-04-14,9.8266
2015-04-21,9.8652
2015-04-28,10.2363
2015-05-05,5.2936
2015-05-12,6.0115
2015-05-19,13.7922
2015-05-26,12.8731
2015-06-02,12.3181
2015-06-09,7.8112
2015-06-16,7.2825
2015-06-23,7.9074
2015-06-30,3.5365
2015-07-07,1.2129
2015-07-14,0.7280
2015-07-21,-1.6485
2015-07-28,-1.7971
2015-08-04,-1.6184
2015-08-11,-0.4406
2015-08-18,2.0051
2015-08-25,6.6919
2015-09-01,7.2972
2015-09-08,4.5868
2015-09-15,1.1274
2015-09-22,3.5175
2015-09-29,6.9738
2015-10-06,7.9590
2015-10-13,12.8706
2015-10-20,17.7505
2015-10-27,18.5013
2015-11-03,11.4067
2015-11-10,3.3666
2015-11-17,-1.3693
2015-11-24,-2.7372
2015-12-01,-3.3474
2015-12-08,-2.5977
2015-12-15,-3.9527
2015-12-22,-2.6559
2015-12-29,-4.4933
2016-01-05,-2.4567
2016-01-12,0.1636
2016-01-19,0.3410
2016-01-26,4.4975
2016-02-02,6.6315
2016-02-09,11.3249
2016-02-16,13.4683
2016-02-23,16.8374
2016-03-01,17.4568
2016-03-08,18.8057
2016-03-15,19.2749
2016-03-22,20.6435
2016-03-29,23.9148
2016-04-05,23.8610
2016-04-12,24.7747
2016-04-19,25.5729
2016-04-26,26.1570
2016-05-03,28.5989
2016-05-10,27.5615
2016-05-17,26.8495
2016-05-24,21.8276
2016-05-31,22.9105
2016-06-07,26.6061
2016-06-14,30.3115
2016-06-21,31.5127
2016-06-28,31.9677
2016-07-05,30.3217
2016-07-12,29.8126
2016-07-19,29.7156
2016-07-26,32.1859
2016-08-02,31.5981
2016-08-09,31.0572
2016-08-16,30.2763
2016-08-23,31.8356
2016-08-30,30.5497
2016-09-06,33.5596
2016-09-13,30.8715
2016-09-20,27.6274
2016-09-27,33.0394
2016-10-04,26.9263
2016-10-11,21.0291
2016-10-18,18.8505
2016-10-25,20.6102
2016-11-01,23.3403
2016-11-08,23.5748
2016-11-15,18.5377
2016-11-22,19.1197
2016-11-29,17.2078
2016-12-06,13.2881
2016-12-13,11.0429
2016-12-20,8.3218
2016-12-27,6.9038
2017-01-03,5.6042
2017-01-10,8.4196
2017-01-17,8.6951
2017-01-24,8.4837
2017-01-31,12.4580
2017-02-07,12.1646
2017-02-14,10.8267
2017-02-21,12.6578
2017-02-28,18.5411
2017-03-07,14.5538
2017-03-14,7.7387
2017-03-21,9.7335
2017-03-28,15.3648
2017-04-04,18.4069
2017-04-11,20.5994
2017-04-18,22.2425
2017-04-25,24.7431
2017-05-02,22.6093
2017-05-09,15.6723
2017-05-16,10.9215
2017-05-23,16.8665
2017-05-30,21.0305
2017-06-06,23.9721
2017-06-13,22.7119
2017-06-20,16.2048
2017-06-27,12.0937
2017-07-03,5.8099
2017-07-11,3.9992
2017-07-18,4.1993
2017-07-25,11.1396
2017-08-01,18.8075
2017-08-08,21.7281
2017-08-15,25.8580
2017-08-22,26.4792
2017-08-29,29.3481
2017-09-05,29.0132
2017-09-12,30.9844
2017-09-19,29.4397
2017-09-26,26.7967
2017-10-03,25.2396
2017-10-10,24.2980
2017-10-17,23.4360
2017-10-24,23.3073
2017-10-31,22.9583
2017-11-07,23.7161
2017-11-14,24.4344
2017-11-21,24.0802
2017-11-28,30.5928
2017-12-05,21.7928
2017-12-12,12.7059
2017-12-19,13.8260
2017-12-26,17.6447
2018-01-02,22.0826
2018-01-09,26.4924
2018-01-16,25.0709
2018-01-23,25.8049
2018-01-30,27.5896
2018-02-06,25.1853
2018-02-13,24.0796
2018-02-20,24.1962
2018-02-27,21.6947
2018-03-06,22.3805
2018-03-13,19.8946
2018-03-20,16.1294
2018-03-27,23.3350
2018-04-03,19.6341
2018-04-10,19.0532
2018-04-17,19.2493
2018-04-24,15.6282
2018-05-01,7.2683
2018-05-08,7.5219
2018-05-15,4.2315
2018-05-22,3.7670
2018-05-29,9.1283
2018-06-05,8.9548
2018-06-12,9.9087
2018-06-19,3.4025
2018-06-26,0.6299
2018-07-03,0.6007
2018-07-10,0.4488
2018-07-17,-2.8838
2018-07-24,-3.6147
2018-07-31,-6.2130
2018-08-07,-9.2437
2018-08-14,-10.4267
2018-08-21,-10.1730
2018-08-28,-9.6476
2018-09-04,-11.0034
2018-09-11,-10.0107
2018-09-18,-10.3734
2018-09-25,-11.3955
2018-10-02,-10.5944
2018-10-09,-14.6042
2018-10-16,-5.0511
2018-10-23,-3.5443
2018-10-30,-6.3289
2018-11-06,-5.0234
2018-11-13,-9.0096
2018-11-20,-5.5459
2018-11-27,-8.2268
2018-12-04,-0.2556
2018-12-11,1.6627
2018-12-18,3.7820
2018-12-24,7.9500
2018-12-31,10.3127
2019-01-08,7.0692
2019-01-15,5.7750
2019-01-22,4.4416
2019-01-29,7.6271
2019-02-05,8.9624
2019-02-12,8.7650
2019-02-19,13.1562
2019-02-26,14.0382
2019-03-05,6.8439
2019-03-12,5.4019
2019-03-19,7.4517
2019-03-26,10.7176
2019-04-02,5.9452
2019-04-09,8.2242
2019-04-16,-0.5889
2019-04-23,-3.3169
2019-04-30,1.6372
2019-05-07,2.9640
2019-05-14,8.9001
2019-05-21,3.3660
2019-05-28,4.9477
2019-06-04,16.3753
2019-06-11,20.4920
2019-06-18,22.0850
2019-06-25,22.6288
2019-07-02,23.3823
2019-07-09,21.4971
2019-07-16,21.1696
2019-07-23,19.9897
2019-07-30,23.9766
2019-08-06,25.6269
2019-08-13,23.4899
2019-08-20,23.9608
2019-08-27,23.6855
2019-09-03,23.8837
2019-09-10,22.0135
2019-09-17,22.2475
2019-09-24,23.4069
2019-10-01,22.3972
2019-10-08,23.1555
2019-10-15,20.7657
2019-10-22,21.2185
2019-10-29,22.5312
2019-11-05,21.5200
2019-11-12,18.4148
2019-11-19,20.4180
2019-11-26,22.2035
2019-12-03,23.0649
2019-12-10,20.4740
2019-12-17,21.8438
2019-12-24,22.6533
2019-12-31,23.9284
2020-01-07,22.7466
2020-01-14,22.4119
2020-01-21,21.7857
2020-01-28,24.1008
2020-02-04,21.0879
2020-02-11,22.6352
2020-02-18,24.9117
2020-02-25,23.3099
2020-03-03,21.9066
2020-03-10,20.8958
2020-03-17,15.2850
2020-03-24,15.9194
2020-03-31,17.9379
2020-04-07,17.9289
2020-04-14,17.3780
2020-04-21,16.8298
2020-04-28,17.9797
2020-05-05,17.0230
2020-05-12,15.8888
2020-05-19,15.9515
2020-05-26,16.4890
2020-06-02,15.6159
2020-06-09,14.5341
2020-06-16,15.7083
2020-06-23,17.4845
2020-06-30,18.1785
2020-07-07,18.0012
2020-07-14,17.4403
2020-07-21,17.1089
2020-07-28,15.4841
2020-08-04,15.2717
2020-08-11,13.7597
2020-08-18,13.8013
2020-08-25,12.8407
2020-09-01,14.6441
2020-09-08,15.1752
2020-09-15,15.6960
2020-09-22,12.7525
2020-09-29,14.1411
2020-10-06,14.4205
2020-10-13,13.2289
2020-10-20,14.4467
2020-10-27,14.8400
2020-11-03,13.8243
2020-11-10,12.7074
2020-11-17,13.9919
2020-11-24,13.9237
2020-12-01,14.4224
2020-12-08,16.2893
2020-12-15,16.5187
2020-12-21,17.1578
2020-12-29,18.3139
2021-01-05,18.7758
2021-01-12,13.9509
2021-01-19,14.2729
2021-01-26,16.5110
2021-02-02,15.2236
2021-02-09,15.3492
2021-02-16,12.1739
2021-02-23,13.1863
2021-03-02,8.9628
2021-03-09,6.1971
2021-03-16,8.0862
2021-03-23,8.1785
2021-03-30,7.9079
2021-04-06,12.2128
2021-04-13,10.2788
2021-04-20,10.5457
2021-04-27,9.9384
2021-05-04,10.3505
2021-05-11,13.5661
2021-05-18,14.2213
2021-05-25,18.1301
2021-06-01,19.0003
2021-06-08,18.7103
2021-06-15,17.2968
2021-06-22,11.9945
2021-06-29,11.9269
2021-07-06,14.8675
2021-07-13,15.6045
2021-07-20,16.4986
2021-07-27,16.6266
2021-08-03,16.9666
2021-08-10,8.1208
2021-08-17,12.1747
2021-08-24,14.3684
2021-08-31,15.4510
2021-09-07,13.1228
2021-09-14,13.7801
2021-09-21,9.8787
2021-09-28,6.9235
2021-10-05,11.1127
2021-10-12,11.3657
2021-10-19,11.2302
2021-10-26,15.0286
2021-11-02,14.6850
2021-11-09,18.8705
2021-11-16,19.5957
2021-11-23,16.6898
2021-11-30,15.3183
2021-12-07,14.2620
2021-12-14,11.5478
2021-12-21,12.9935
2021-12-28,15.1954
2022-01-04,14.6010
2022-01-11,12.5618
2022-01-18,12.1429
2022-01-25,16.2711
2022-02-01,9.8146
2022-02-08,13.1184
2022-02-15,17.5228
2022-02-22,19.9031
2022-03-01,20.6012
2022-03-08,19.0740
2022-03-15,17.3592
2022-03-22,16.2803
2022-03-29,17.0611
2022-04-05,16.4517
2022-04-12,18.1865
2022-04-19,16.0923
2022-04-26,13.6452
2022-05-03,11.3330
2022-05-10,9.9595
2022-05-17,7.5024
2022-05-24,10.7970
2022-05-31,9.7753
2022-06-07,11.2104
2022-06-14,7.7053
2022-06-21,9.6620
2022-06-28,7.4936
2022-07-05,4.1777
2022-07-12,0.3959
2022-07-19,-1.4349
2022-07-26,-1.6821
2022-08-02,4.5458
2022-08-09,8.6217
2022-08-16,7.7240
2022-08-23,5.0633
2022-08-30,3.5649
2022-09-06,0.2046
2022-09-13,-1.7074
2022-09-20,-5.3276
2022-09-27,-7.0614
2022-10-04,0.8396
2022-10-11,0.2246
2022-10-18,-3.5431
2022-10-25,-5.4590
2022-11-01,-6.4873
2022-11-08,-1.2736
2022-11-15,5.9530
2022-11-22,5.5916
2022-11-29,5.0059
2022-12-06,6.6436
2022-12-13,9.3237
2022-12-20,9.6331
2022-12-27,11.6163
2023-01-03,11.9969
2023-01-10,12.4356
2023-01-17,13.2296
2023-01-24,14.5379
2023-01-31,16.8504
2023-02-07,12.7035
2023-02-14,9.4708
2023-02-21,8.7481
2023-02-28,6.9359
2023-03-07,3.9181
2023-03-14,12.6165
2023-03-21,14.8769
2023-03-28,18.3092
2023-04-04,19.3803
2023-04-11,18.6828
2023-04-18,17.9315
2023-04-25,18.9113
2023-05-02,19.8623
2023-05-09,18.4629
2023-05-16,17.1335
2023-05-23,16.2480
2023-05-30,16.8751
2023-06-06,18.2592
2023-06-13,15.0941
2023-06-20,15.2214
2023-06-27,14.6375
2023-07-03,16.2718
2023-07-11,15.3290
2023-07-18,20.1033
2023-07-25,17.6317
2023-08-01,16.6645
2023-08-08,12.9479
2023-08-15,7.8251
2023-08-22,4.2824
2023-08-29,9.7338
2023-09-05,11.3037
2023-09-12,8.4980
2023-09-19,11.1734
2023-09-26,6.2117
2023-10-03,-0.4945
2023-10-10,-2.3729
2023-10-17,6.2240
2023-10-24,12.2442
2023-10-31,14.5941
2023-11-07,14.6127
2023-11-14,12.8234
2023-11-21,15.0389
2023-11-28,20.1001
2023-12-05,18.8760
2023-12-12,16.8846
2023-12-19,18.7629
2023-12-26,19.7738
2024-01-02,19.6204
2024-01-09,15.9763
2024-01-16,15.0530
2024-01-23,11.9226
2024-01-30,12.4009
2024-02-06,14.3468
2024-02-13,8.0530
2024-02-20,11.3437
2024-02-27,12.3283
2024-03-05,18.5620
2024-03-12,20.5582
2024-03-19,19.9548
2024-03-26,21.8029
2024-04-02,22.3365
2024-04-09,20.6901
2024-04-16,18.7041
2024-04-23,19.6157
2024-04-30,19.8735
2024-05-07,18.9386
2024-05-14,19.7592
2024-05-21,20.8263
2024-05-28,23.1604
2024-06-04,24.5428
2024-06-11,24.3300
2024-06-18,25.4992
2024-06-25,25.9704
2024-07-02,24.8228
2024-07-09,23.9675
2024-07-16,23.1221
2024-07-23,21.8540
2024-07-30,23.1558
2024-08-06,23.2984
2024-08-13,25.3716
2024-08-20,25.5661
2024-08-27,28.1716
2024-09-03,28.0320
2024-09-10,27.4130
2024-09-17,27.9899
2024-09-24,25.6328
2024-10-01,27.2013
2024-10-08,25.8324
2024-10-15,26.0101
2024-10-22,24.6256
2024-10-29,25.0820
2024-11-05,23.9413
2024-11-12,22.6474
2024-11-19,22.3703
2024-11-26,27.8388
2024-12-03,28.3814
2024-12-10,29.0199
2024-12-17,28.4854
2024-12-24,26.6638
2024-12-31,27.6931
2025-01-07,28.1685
2025-01-14,28.0714
2025-01-21,27.7302
2025-01-28,28.6360
2025-02-04,27.4996
2025-02-11,24.8489
2025-02-18,23.1837
2025-02-25,25.1417
2025-03-04,24.1391
2025-03-11,23.3746
2025-03-18,23.0057
2025-03-25,23.3107
2025-04-01,20.7359
2025-04-08,17.8495
2025-04-15,15.4723
2025-04-22,12.8428
2025-04-29,13.4321
2025-05-06,12.4399
2025-05-13,13.3195
2025-05-20,13.7754
2025-05-27,16.3687
2025-06-03,18.3636
2025-06-10,18.6278
2025-06-17,18.4034
2025-06-24,18.6680
2025-07-01,20.4401
2025-07-08,20.2370
2025-07-15,21.1684
2025-07-22,22.5259
2025-07-29,22.0301
2025-08-05,24.1243
2025-08-12,23.2459
2025-08-19,22.0119
2025-08-26,23.3896
2025-09-02,22.0798
2025-09-09,20.3666
2025-09-16,19.2006
2025-09-23,17.6545
2025-09-30,18.1702
2025-10-07,15.7714
2025-10-14,11.9697
2025-10-21,9.9486
2025-10-28,13.0667
2025-11-04,12.8068
2025-11-10,12.4025
2025-11-18,11.4180
2025-11-25,16.1289
2025-12-02,18.0191
2025-12-09,18.2243
2025-12-16,17.6243
2025-12-23,17.8595
2025-12-30,17.0733
2026-01-06,16.0893
2026-01-13,16.1787
2026-01-20,15.9671
2026-01-27,15.2971
2026-02-03,12.7591
2026-02-10,12.8124
2026-02-17,13.2693
2026-02-24,14.2814
2026-03-03,14.4104
2026-03-10,14.4022
2026-03-17,15.5446
2026-03-24,13.4027
2026-03-31,16.7935
2026-04-07,16.7330
2026-04-14,17.4903
2026-04-21,17.1483
2026-04-28,17.5579
2026-05-05,18.1530
2026-05-12,18.4614
2026-05-19,17.3694
2026-05-26,21.2976
2026-06-02,25.6080
2026-06-09,22.5686
2026-06-16,23.5562
2026-06-23,22.7180
2026-06-30,23.3568
2026-07-07,22.6768
2026-07-14,22.8170
2026-07-21,23.6089
2026-07-28,24.3802
2026-08-04,27.1134
