date,score,pillars_used,real_rates,entry_price,structural_demand,dollar,positioning,volatility,fwd_1y_nominal,fwd_1y_real,fwd_3y_nominal,fwd_3y_real,fwd_5y_nominal,fwd_5y_real,fwd_10y_nominal,fwd_10y_real,maxdd_1y,maxdd_5y,dca_vs_lump_5y_diff_pct
1971-01-31,77,2,96.7593,53.2386,,,,,0.2105,0.1723,2.3947,1.8942,2.4474,1.4651,13.6579,5.707,0.0,0.0,-6.9468
1971-02-28,77,2,96.7593,51.739,,,,,0.2308,0.1862,2.8462,2.2444,2.359,1.3976,11.8205,4.8129,0.0,0.0,-5.9855
1971-03-31,65,2,79.5455,47.5609,,,,,0.2308,0.1891,3.3077,2.6048,2.4103,1.4359,11.7949,4.7765,0.0,0.0,-7.548
1971-04-30,69,2,85.1351,48.6947,,,,,0.2564,0.214,3.4103,2.6767,2.2821,1.346,11.7179,4.7238,0.0,0.0,-9.1105
1971-05-31,61,2,70.0893,50.5159,,,,,0.3415,0.2995,2.9756,2.2966,2.0976,1.2133,10.7073,4.2598,-0.0244,-0.0244,-6.2374
1971-06-30,52,2,57.0796,45.4482,,,,,0.55,0.5054,2.85,2.1821,2.15,1.25,10.525,4.1576,0.0,0.0,-10.5937
1971-07-31,50,2,53.0702,46.8685,,,,,0.6098,0.5635,2.4878,1.8723,1.878,1.05,8.9756,3.4263,0.0,0.0,-11.3895
1971-08-31,47,2,48.2609,44.462,,,,,0.5581,0.5135,2.6047,1.9401,1.5581,0.817,8.5349,3.209,-0.0233,-0.0233,-10.3776
1971-09-30,47,2,52.1552,39.6931,,,,,0.5476,0.4998,2.619,1.9181,1.7143,0.9226,9.5714,3.6328,0.0,0.0,-15.3775
1971-10-31,51,2,55.1282,45.0252,,,,,0.5116,0.4651,2.6977,1.9654,1.6977,0.9056,9.186,3.4605,0.0,0.0,-16.3816
1971-11-30,49,2,53.8136,43.3627,,,,,0.4651,0.4167,3.2326,2.3696,2.0233,1.1335,8.6047,3.1982,0.0,0.0,-19.2021
1971-12-31,46,2,48.7395,43.5655,,,,,0.4884,0.4393,3.2791,2.3886,2.1163,1.1931,8.5349,3.1645,0.0,0.0,-21.8476
1972-01-31,36,2,28.75,45.7544,,,,,0.413,0.3634,2.8261,2.014,1.8696,1.0141,7.3478,2.6433,0.0,0.0,-19.3202
1972-02-29,34,2,28.75,41.2033,,,,,0.5417,0.4843,2.75,1.9515,1.8333,0.9781,6.7917,2.4063,0.0,0.0,-18.3542
1972-03-31,32,2,47.9508,12.0016,,,,,0.75,0.6694,2.7083,1.9077,2.0833,1.1418,5.875,2.0055,0.0,0.0,-21.2822
1972-04-30,26,2,36.1789,12.7381,,,,,0.8571,0.7636,2.4694,1.7166,2.0408,1.1032,6.1429,2.1203,0.0,0.0,-23.288
1972-05-31,15,2,22.1774,5.788,,,,,0.8545,0.7574,2.0364,1.3788,1.6727,0.8469,5.0727,1.6343,0.0,0.0,-18.2118
1972-06-30,7,2,11.6,0.3503,,,,,0.9355,0.826,1.6452,1.0617,1.2742,0.5675,4.0806,1.1842,0.0,0.0,-12.131
1972-07-31,1,2,1.9841,0.3478,,,,,0.8182,0.7195,1.5,0.9352,1.1667,0.4896,4.1364,1.2021,-0.0455,-0.0455,-10.7497
1972-08-31,1,2,1.9685,0.3454,,,,,0.597,0.487,1.4328,0.8807,1.1642,0.4841,4.4328,1.3299,-0.0597,-0.0597,-13.2042
1972-09-30,1,2,1.1719,0.8788,,,,,0.5846,0.4759,1.2154,0.7082,1.3077,0.5849,5.7231,1.897,-0.0308,-0.0308,-18.8174
1972-10-31,2,2,1.1628,2.0581,,,,,0.5385,0.4238,1.2,0.6911,1.4462,0.6758,5.4923,1.7928,-0.0308,-0.0308,-21.8919
1972-11-30,2,2,1.9231,2.8969,,,,,0.5079,0.393,1.254,0.7282,1.5714,0.7585,5.5873,1.85,0.0,0.0,-27.1221
1972-12-31,11,2,17.1756,4.2217,,,,,0.6719,0.5347,1.1719,0.6602,1.5,0.7055,5.9531,2.0246,0.0,0.0,-28.8169
1973-01-31,10,2,14.7727,4.3937,,,,,0.9846,0.8107,1.0154,0.5422,1.6615,0.8126,6.4,2.2276,0.0,0.0,-31.1059
1973-02-28,11,2,14.7727,5.4078,,,,,1.027,0.8428,0.7703,0.3617,1.4054,0.6418,5.6351,1.9113,0.0,0.0,-26.2735
1973-03-31,14,2,24.2537,1.8706,,,,,1.0,0.8159,0.5833,0.2271,1.1905,0.4995,4.0,1.212,0.0,0.0,-21.1033
1973-04-30,37,2,66.2963,0.8375,,,,,0.8901,0.7172,0.4066,0.0957,0.9231,0.3152,3.7582,1.1046,0.0,0.0,-19.0424
1973-05-31,47,2,83.4559,0.4941,,,,,0.598,0.4435,0.2451,-0.0309,0.7255,0.1744,3.2941,0.9003,-0.0686,-0.0686,-13.6552
1973-06-30,48,2,85.7664,0.4908,,,,,0.2833,0.1576,0.05,-0.1815,0.5333,0.0427,2.4417,0.5304,-0.2083,-0.2083,-2.0868
1973-07-31,53,2,96.0145,0.321,,,,,0.1917,0.0684,-0.0167,-0.2375,0.575,0.0628,2.3583,0.4874,-0.2083,-0.2083,-3.9266
1973-08-31,45,2,80.2158,1.1346,,,,,0.4486,0.3064,0.028,-0.1926,0.9252,0.3147,2.8879,0.7478,-0.1121,-0.1121,-15.5297
1973-09-30,57,2,99.6429,3.2293,,,,,0.4757,0.3182,0.1068,-0.1315,1.0583,0.399,3.0,0.8008,-0.0777,-0.0777,-21.1716
1973-10-31,57,2,99.6454,4.795,,,,,0.59,0.4216,0.16,-0.0864,1.27,0.5427,2.94,0.7824,-0.05,-0.05,-26.0758
1973-11-30,58,2,99.6479,7.0138,,,,,0.9158,0.7075,0.3684,0.0811,1.1684,0.4745,3.0211,0.8256,0.0,0.0,-32.7096
1973-12-31,61,2,99.6503,12.5681,,,,,0.7196,0.5341,0.2523,-0.0071,0.9439,0.3255,2.6262,0.6557,0.0,0.0,-28.6965
1974-01-31,58,2,99.6528,5.0252,,,,,0.3643,0.2209,0.0233,-0.1842,0.7597,0.2022,1.876,0.3183,0.0,-0.1473,-18.2403
1974-02-28,57,2,99.6528,2.7724,,,,,0.2,0.0791,-0.0933,-0.2768,0.64,0.121,1.5733,0.1863,-0.0467,-0.2667,-7.5182
1974-03-31,56,2,99.6575,0.78,,,,,0.0595,-0.0408,-0.119,-0.2935,0.4405,-0.015,1.3452,0.0894,-0.1488,-0.3452,2.0241
1974-04-30,55,2,98.9796,0.7751,,,,,-0.0116,-0.103,-0.1337,-0.3055,0.3895,-0.0533,1.2151,0.0314,-0.1686,-0.3605,3.9739
1974-05-31,55,2,97.6351,1.5516,,,,,0.0245,-0.0623,-0.0982,-0.2719,0.5828,0.0774,1.3129,0.086,-0.1227,-0.3252,-1.3737
1974-06-30,57,2,99.6644,4.294,,,,,0.0649,-0.0246,-0.0844,-0.2585,0.8117,0.2295,1.4545,0.1598,-0.0714,-0.2857,-7.0079
1974-07-31,59,2,99.6667,8.2375,,,,,0.1538,0.0534,0.0,-0.1891,1.0629,0.3932,1.4336,0.1525,0.0,-0.2308,-14.122
1974-08-31,61,2,99.6689,11.6941,,,,,0.0516,-0.0318,-0.0645,-0.236,0.9419,0.3148,1.2452,0.0731,-0.0194,-0.2903,-8.1198
1974-09-30,57,2,96.3816,8.2698,,,,,-0.0526,-0.122,-0.0132,-0.1854,1.3355,0.5884,1.2368,0.081,-0.0526,-0.2763,-10.2992
1974-10-31,60,2,99.6732,10.321,,,,,-0.1006,-0.1645,0.0,-0.1721,1.4654,0.672,1.1447,0.0407,-0.1006,-0.3082,-5.684
1974-11-30,59,2,99.6753,8.1714,,,,,-0.2198,-0.2734,-0.1099,-0.2606,1.1538,0.4595,0.8791,-0.081,-0.2198,-0.3956,9.0265
1974-12-31,57,2,99.6774,3.5627,,,,,-0.2446,-0.2948,-0.1304,-0.2756,1.4728,0.6689,0.7391,-0.1444,-0.2446,-0.4022,12.5978
1975-01-31,58,2,99.6795,5.1786,,,,,-0.2557,-0.3024,-0.017,-0.1801,2.8352,1.5716,0.7216,-0.1482,-0.2557,-0.375,10.2828
1975-02-28,60,2,99.6795,10.4758,,,,,-0.2722,-0.3152,-0.0111,-0.1744,2.6944,1.4598,0.6611,-0.178,-0.2722,-0.3889,15.7169
1975-03-31,59,2,96.519,12.5598,,,,,-0.2528,-0.2955,0.0337,-0.1391,2.1124,1.0516,0.764,-0.1279,-0.264,-0.382,17.5135
1975-04-30,59,2,92.1384,18.3156,,,,,-0.2471,-0.2887,0.0294,-0.1462,2.0412,0.9924,0.9235,-0.0472,-0.2471,-0.3529,14.9249
1975-05-31,66,2,89.6875,36.0307,,,,,-0.2395,-0.284,0.0539,-0.1324,2.0778,1.0004,0.8922,-0.0627,-0.2395,-0.3413,15.5829
1975-06-30,60,2,87.8882,24.0806,,,,,-0.2317,-0.2751,0.122,-0.0765,2.6646,1.3765,0.9329,-0.038,-0.2317,-0.3293,16.0841
1975-07-31,65,2,88.5802,36.5128,,,,,-0.2848,-0.3225,0.1455,-0.0557,2.897,1.5477,0.9212,-0.0367,-0.2848,-0.3333,19.3205
1975-08-31,65,2,88.6503,34.4301,,,,,-0.3252,-0.3617,0.2638,0.0394,2.8466,1.5059,1.0245,0.017,-0.3252,-0.3252,21.1531
1975-09-30,64,2,85.6707,37.6269,,,,,-0.2083,-0.2496,0.4722,0.2088,3.6806,2.046,1.2431,0.1329,-0.2361,-0.2361,10.5781
1975-10-31,71,2,84.5455,54.1162,,,,,-0.1888,-0.2308,0.5874,0.2988,3.6224,1.9961,1.2797,0.1535,-0.2308,-0.2308,11.988
1975-11-30,71,2,84.6386,54.6393,,,,,-0.0845,-0.1286,0.4507,0.1885,3.4014,1.8434,1.2676,0.1504,-0.2254,-0.2254,13.1309
1975-12-31,71,2,82.9341,55.9946,,,,,-0.036,-0.0822,0.4964,0.2253,2.8705,1.4907,1.3165,0.1763,-0.2086,-0.2086,11.4938
1976-01-31,70,2,80.0595,56.5017,,,,,0.0076,-0.0421,0.7328,0.4116,3.2519,1.7208,1.6489,0.3449,-0.1603,-0.1603,5.37
1976-02-29,70,2,80.0595,56.5025,,,,,0.0382,-0.0214,0.8779,0.5169,2.8168,1.4245,1.5878,0.3187,-0.1603,-0.1603,5.3068
1976-03-31,60,2,62.6471,57.0706,,,,,0.1128,0.0456,0.8195,0.4577,2.7519,1.3714,1.6015,0.3353,-0.1729,-0.1729,6.6035
1976-04-30,58,2,59.9415,55.4119,,,,,0.1641,0.0884,0.8672,0.4837,2.875,1.4398,1.6562,0.3709,-0.1406,-0.1406,1.783
1976-05-31,57,2,57.8488,56.6604,,,,,0.1575,0.0844,1.0315,0.6047,2.7795,1.3764,1.6929,0.3934,-0.1339,-0.1339,-0.1775
1976-06-30,58,2,59.2486,56.459,,,,,0.119,0.0488,1.2143,0.7389,2.6587,1.2923,1.7222,0.4109,-0.127,-0.127,-2.0883
1976-07-31,54,2,51.4368,56.2765,,,,,0.2119,0.1361,1.5,0.9521,2.4661,1.1592,1.9492,0.5352,-0.0678,-0.0678,-9.1352
1976-08-31,49,2,41.4286,58.7375,,,,,0.3182,0.2362,1.7364,1.1275,2.7273,1.3164,2.4273,0.7918,0.0,0.0,-16.6536
1976-09-30,53,2,48.0114,60.242,,,,,0.3158,0.2364,2.114,1.4109,2.8947,1.4096,2.6667,0.92,0.0,0.0,-15.7075
1976-10-31,51,2,46.0452,56.9,,,,,0.3707,0.2884,2.3793,1.6019,2.7759,1.3407,2.6552,0.9205,0.0,0.0,-16.2638
1976-11-30,53,2,50.2809,56.0774,,,,,0.2462,0.1678,2.0154,1.3052,2.1769,0.9678,2.0615,0.6112,0.0,0.0,-8.6833
1976-12-31,42,2,43.2961,39.7648,,,,,0.194,0.1193,2.3955,1.5787,2.0597,0.8989,1.9179,0.538,-0.0149,-0.0149,-7.5703
1977-01-31,47,2,54.7222,36.3511,,,,,0.3106,0.227,4.1136,2.8483,1.9091,0.8089,2.0909,0.6287,0.0,0.0,-10.2838
1977-02-28,42,2,54.7222,26.1004,,,,,0.3088,0.232,3.8897,2.6704,1.75,0.722,1.9485,0.5639,0.0,0.0,-9.6
1977-03-31,50,2,72.2527,22.9507,,,,,0.2432,0.1687,2.7432,1.7852,1.2297,0.4033,1.7635,0.468,-0.0473,-0.0473,-3.7633
1977-04-30,51,2,77.8689,17.1702,,,,,0.1745,0.1028,2.4698,1.5734,1.349,0.4836,1.9396,0.565,-0.0537,-0.0537,-4.7545
1977-05-31,55,2,86.1413,15.2988,,,,,0.1973,0.1175,2.4966,1.5764,1.2721,0.4263,2.1293,0.6671,-0.0408,-0.0408,-7.2544
1977-06-30,54,2,83.5135,16.8436,,,,,0.305,0.2146,3.2624,2.1258,1.234,0.3934,2.1915,0.7012,0.0,0.0,-12.357
1977-07-31,57,2,84.6774,21.36,,,,,0.3217,0.2268,3.4965,2.3098,1.3706,0.4783,2.1538,0.685,0.0,0.0,-13.0889
1977-08-31,54,2,83.6898,17.766,,,,,0.4207,0.3172,3.3241,2.1755,1.5103,0.5699,2.1793,0.6995,0.0,0.0,-13.93
1977-09-30,53,2,82.1809,17.4292,,,,,0.4133,0.3028,3.4933,2.283,1.9133,0.8279,2.0667,0.6389,0.0,0.0,-13.5148
1977-10-31,51,2,78.5714,16.1429,,,,,0.4277,0.3107,3.1572,2.0234,1.6541,0.6666,1.9245,0.5665,0.0,0.0,-10.909
1977-11-30,47,2,73.4211,13.0263,,,,,0.2716,0.168,2.858,1.7944,1.5617,0.6207,1.8889,0.5521,-0.0123,-0.0123,-11.7715
1977-12-31,51,2,79.8429,14.3321,,,,,0.3,0.1928,2.3625,1.4246,1.7812,0.7735,2.0375,0.637,0.0,0.0,-14.6187
1978-01-31,49,2,75.2604,17.2862,,,,,0.3121,0.201,2.2197,1.315,1.7803,0.7807,1.7572,0.4903,0.0,0.0,-9.7608
1978-02-28,48,2,75.2604,13.3294,,,,,0.382,0.2582,1.809,1.011,1.7584,0.7733,1.4831,0.3463,-0.0169,-0.0169,-9.1924
1978-03-31,35,2,52.8351,11.6327,,,,,0.3152,0.1929,1.712,0.9406,1.2826,0.4752,1.413,0.3132,-0.0489,-0.0489,-8.5126
1978-04-30,38,2,58.7179,11.7117,,,,,0.3657,0.2361,1.8343,1.0327,1.4743,0.6003,1.5829,0.4082,0.0,0.0,-14.8871
1978-05-31,40,2,58.9286,16.7592,,,,,0.4659,0.3242,1.7273,0.9611,1.4886,0.6181,1.5625,0.4066,0.0,0.0,-16.645
1978-06-30,48,2,72.335,17.0262,,,,,0.5163,0.3651,1.5054,0.7995,1.2446,0.4678,1.4511,0.3502,0.0,0.0,-15.6251
1978-07-31,48,2,75.5051,13.3076,,,,,0.5608,0.4005,1.164,0.5491,1.1323,0.3994,1.3175,0.281,0.0,0.0,-16.2469
1978-08-31,50,2,79.1457,12.5348,,,,,0.4612,0.3065,0.9903,0.4226,1.0194,0.3295,1.0922,0.1586,0.0,0.0,-11.9773
1978-09-30,51,2,85.75,8.4506,,,,,0.6745,0.4967,1.0943,0.496,0.9434,0.2872,0.9481,0.0841,-0.0283,-0.0283,-12.1202
1978-10-31,52,2,87.8109,7.9797,,,,,0.7269,0.5409,0.9295,0.3862,0.7357,0.1554,0.793,0.0034,-0.0925,-0.0925,-9.4966
1978-11-30,52,2,88.8614,6.357,,,,,0.9029,0.6901,1.0049,0.4427,0.8544,0.2381,1.0388,0.144,0.0,0.0,-21.0523
1978-12-31,55,2,86.9458,15.2254,,,,,1.1875,0.9315,0.9712,0.4223,0.8654,0.2491,1.0144,0.1332,0.0,0.0,-24.2783
1979-01-31,55,2,86.0294,15.6311,,,,,1.9736,1.6114,0.6916,0.2275,0.6344,0.0965,0.7797,0.0059,0.0,0.0,-22.2985
1979-02-28,53,2,86.0294,11.8911,,,,,1.7033,1.3679,0.5203,0.1109,0.5691,0.0583,0.5772,-0.1024,-0.0285,-0.0285,-21.7886
1979-03-31,52,2,89.0777,6.1747,,,,,1.2893,0.9977,0.3636,0.0065,0.6281,0.106,0.6116,-0.0782,-0.0124,-0.0124,-28.2256
1979-04-30,53,2,89.1304,8.8389,,,,,1.1632,0.8878,0.4644,0.0883,0.5941,0.0895,0.6067,-0.0785,0.0,0.0,-33.7503
1979-05-31,54,2,90.1442,9.7982,,,,,0.9922,0.7411,0.2946,-0.0362,0.4612,0.008,0.438,-0.17,0.0,0.0,-33.3208
1979-06-30,53,2,90.6699,5.8765,,,,,1.1541,0.8852,0.129,-0.1596,0.3548,-0.0567,0.319,-0.2326,0.0,0.0,-32.3817
1979-07-31,53,2,92.1429,4.3861,,,,,1.1797,0.9263,0.1492,-0.1396,0.1797,-0.1728,0.2712,-0.2546,0.0,0.0,-33.2248
1979-08-31,53,2,92.654,3.6938,,,,,1.0831,0.8452,0.2093,-0.0878,0.1561,-0.1838,0.2126,-0.2822,0.0,0.0,-36.4685
1979-09-30,55,2,94.1038,5.3515,,,,,0.8986,0.6836,0.231,-0.0626,-0.0423,-0.3194,0.0197,-0.3921,0.0,-0.1127,-30.181
1979-10-31,52,2,92.2535,2.1055,,,,,0.6862,0.4971,0.0765,-0.1748,-0.1301,-0.3776,-0.0638,-0.4386,0.0,-0.1964,-27.2592
1979-11-30,51,2,89.9533,1.6537,,,,,0.5944,0.4156,0.0587,-0.179,-0.1276,-0.3703,0.0051,-0.3933,0.0,-0.1964,-30.6506
1979-12-31,51,2,90.0,1.8557,,,,,0.1824,0.0524,-0.022,-0.2302,-0.2967,-0.4874,-0.1011,-0.4527,0.0,-0.3077,-23.1111
1980-01-31,53,2,94.6759,0.3235,,,,,-0.1748,-0.2619,-0.2874,-0.4323,-0.5511,-0.6687,-0.3926,-0.6284,-0.2385,-0.5511,12.1587
1980-02-29,53,2,94.6759,0.2133,,,,,-0.2481,-0.325,-0.2617,-0.4048,-0.5504,-0.6658,-0.3729,-0.613,-0.2481,-0.5504,12.2364
1980-03-31,49,2,88.3028,0.636,,,,,-0.0993,-0.1857,-0.2419,-0.381,-0.4332,-0.5749,-0.2906,-0.5582,-0.0993,-0.4603,-4.2068
1980-04-30,50,2,88.8128,1.8131,,,,,-0.0406,-0.1289,-0.1625,-0.3142,-0.3675,-0.5218,-0.2766,-0.546,-0.0406,-0.4217,-9.7474
1980-05-31,55,2,95.6818,3.6267,,,,,-0.0661,-0.1494,-0.1479,-0.2982,-0.3852,-0.5315,-0.2821,-0.5457,-0.0661,-0.4183,-9.9203
1980-06-30,57,2,98.4163,5.854,,,,,-0.2329,-0.3008,-0.3128,-0.4296,-0.4725,-0.5952,-0.4143,-0.628,-0.2329,-0.5025,6.0168
1980-07-31,56,2,98.8739,3.0722,,,,,-0.3639,-0.4258,-0.3733,-0.4813,-0.507,-0.6219,-0.4355,-0.6427,-0.3639,-0.535,16.1332
1980-08-31,53,2,93.0493,2.9529,,,,,-0.3461,-0.4099,-0.3365,-0.4485,-0.4737,-0.5942,-0.37,-0.6017,-0.3477,-0.5231,17.8925
1980-09-30,50,2,86.8304,4.9429,,,,,-0.3412,-0.4063,-0.3887,-0.4892,-0.5208,-0.6281,-0.4228,-0.6345,-0.3932,-0.5564,31.4709
1980-10-31,48,2,82.8889,5.1434,,,,,-0.3374,-0.3991,-0.4039,-0.4991,-0.5068,-0.615,-0.4236,-0.634,-0.3812,-0.5477,33.1687
1980-11-30,49,2,81.6372,7.9479,,,,,-0.3392,-0.397,-0.3888,-0.4825,-0.4848,-0.5954,-0.3888,-0.6087,-0.3456,-0.5216,29.9276
1980-12-31,49,2,77.3128,14.3701,,,,,-0.2379,-0.3003,-0.2788,-0.3855,-0.4015,-0.5277,-0.2993,-0.5489,-0.2398,-0.4442,15.5239
1981-01-31,58,2,76.5351,33.7401,,,,,-0.3106,-0.3632,-0.3339,-0.4311,-0.377,-0.5057,-0.3106,-0.5537,-0.3106,-0.4632,22.2972
1981-02-28,64,2,76.5351,48.651,,,,,-0.252,-0.3049,-0.228,-0.3379,-0.322,-0.4561,-0.272,-0.5247,-0.252,-0.402,13.1522
1981-03-31,48,2,44.1304,51.9246,,,,,-0.3387,-0.3813,-0.2104,-0.3201,-0.3066,-0.4369,-0.2725,-0.5219,-0.3387,-0.4008,15.7278
1981-04-30,37,2,26.6234,49.3355,,,,,-0.2944,-0.3382,-0.2319,-0.3374,-0.3145,-0.4381,-0.2782,-0.524,-0.3347,-0.3972,19.2741
1981-05-31,22,2,0.2155,48.8169,,,,,-0.3042,-0.3492,-0.2146,-0.3193,-0.2875,-0.4137,-0.2562,-0.508,-0.3125,-0.3771,18.7906
1981-06-30,22,2,0.2146,50.2414,,,,,-0.3167,-0.3625,-0.18,-0.2844,-0.256,-0.3845,-0.2039,-0.4702,-0.3167,-0.3514,17.587
1981-07-31,24,2,0.641,52.9566,,,,,-0.1711,-0.2222,-0.1491,-0.2521,-0.1491,-0.289,-0.1002,-0.3955,-0.2298,-0.2689,7.7501
1981-08-31,25,2,1.4894,54.2424,,,,,-0.1122,-0.1622,-0.1512,-0.2504,-0.0805,-0.2265,-0.1317,-0.4139,-0.2317,-0.2707,9.7385
1981-09-30,24,2,0.6356,54.2168,,,,,-0.0158,-0.0621,-0.2342,-0.3191,-0.0586,-0.2032,-0.214,-0.4658,-0.2905,-0.3266,19.9792
1981-10-31,24,2,0.211,53.1055,,,,,-0.0365,-0.0827,-0.2215,-0.3081,-0.032,-0.1795,-0.1804,-0.442,-0.2808,-0.3174,18.4896
1981-11-30,23,2,0.2101,52.1847,,,,,0.0048,-0.0382,-0.1719,-0.2623,-0.0363,-0.1812,-0.1283,-0.4067,-0.2373,-0.276,12.0244
1981-12-31,25,2,1.8828,53.3448,,,,,0.0854,0.0454,-0.2195,-0.3038,-0.0463,-0.1901,-0.1171,-0.3988,-0.2317,-0.2707,11.1708
1982-01-31,23,2,0.625,51.2401,,,,,0.2526,0.2078,-0.2109,-0.2953,0.0625,-0.0996,-0.0781,-0.3708,-0.1797,-0.2214,3.5071
1982-02-28,24,2,0.625,53.8249,,,,,0.3128,0.2686,-0.2005,-0.2878,0.0722,-0.0918,-0.0535,-0.3533,-0.1578,-0.2005,-0.8252
1982-03-31,24,2,0.2066,53.8541,,,,,0.2727,0.2286,-0.0485,-0.1563,0.2394,0.0461,0.0424,-0.2903,-0.0455,-0.0939,-14.2449
1982-04-30,25,2,0.2058,56.7107,,,,,0.2371,0.1896,-0.0657,-0.1705,0.2514,0.0549,-0.0314,-0.3399,-0.1,-0.1457,-10.9416
1982-05-31,24,2,0.2049,54.6875,,,,,0.3114,0.2678,-0.0539,-0.1536,0.3772,0.1688,0.009,-0.3074,-0.0569,-0.1048,-16.5372
1982-06-30,26,2,1.4286,56.2546,,,,,0.3111,0.2795,0.0063,-0.0919,0.4286,0.2209,0.0825,-0.2505,0.0,-0.0508,-23.1512
1982-07-31,26,2,0.6098,58.286,,,,,0.1888,0.1614,-0.0649,-0.1535,0.3304,0.1398,0.0413,-0.2774,0.0,-0.118,-19.4241
1982-08-31,23,2,0.2024,51.8568,,,,,0.1429,0.1155,-0.0934,-0.1791,0.2665,0.0825,-0.0577,-0.3461,0.0,-0.1786,-14.903
1982-09-30,22,2,1.4113,48.1773,,,,,-0.0572,-0.0826,-0.2609,-0.332,0.0526,-0.1034,-0.2105,-0.4534,-0.0778,-0.3158,0.9126
1982-10-31,13,2,0.2008,29.8703,,,,,-0.0664,-0.0914,-0.2275,-0.3015,0.1019,-0.06,-0.1848,-0.4357,-0.0664,-0.2915,-2.0629
1982-11-30,17,2,3.8,32.4824,,,,,-0.0795,-0.1077,-0.2241,-0.3024,0.1277,-0.0423,-0.1928,-0.4433,-0.0795,-0.2795,-3.1051
1982-12-31,13,2,3.7849,24.4618,,,,,-0.1281,-0.1599,-0.2764,-0.3544,0.0921,-0.077,-0.2472,-0.4831,-0.1416,-0.3281,4.6713
1983-01-31,10,2,2.9762,18.927,,,,,-0.2287,-0.2604,-0.2786,-0.3574,-0.0083,-0.1631,-0.316,-0.5311,-0.2287,-0.3784,14.4624
1983-02-28,8,2,2.9762,13.212,,,,,-0.2138,-0.2491,-0.3096,-0.3832,-0.0998,-0.2408,-0.3299,-0.5411,-0.2444,-0.391,19.3642
1983-03-31,6,2,1.378,11.9496,,,,,-0.0619,-0.1057,-0.1762,-0.2593,0.0571,-0.1098,-0.2143,-0.4621,-0.1167,-0.2881,4.0429
1983-04-30,12,2,2.9412,22.483,,,,,-0.1201,-0.1584,-0.2148,-0.2863,0.0439,-0.12,-0.2102,-0.4573,-0.1432,-0.3095,7.8302
1983-05-31,12,2,4.8828,21.4832,,,,,-0.1393,-0.175,-0.2192,-0.2894,0.0297,-0.1307,-0.1621,-0.4236,-0.153,-0.3174,10.2258
1983-06-30,11,2,2.9183,21.0404,,,,,-0.0847,-0.1227,-0.1695,-0.2454,0.092,-0.0801,-0.0993,-0.3795,-0.1017,-0.276,5.2058
1983-07-31,15,2,0.1938,32.8526,,,,,-0.1365,-0.1721,-0.1365,-0.213,0.0868,-0.0847,-0.0273,-0.3282,-0.1365,-0.2581,3.4114
1983-08-31,16,2,0.1931,36.2989,,,,,-0.1635,-0.1979,-0.0938,-0.1723,0.0361,-0.1285,-0.0889,-0.3702,-0.1635,-0.2812,8.1068
1983-09-30,16,2,0.1923,36.6113,,,,,-0.1748,-0.2086,0.0146,-0.074,0.0024,-0.1578,-0.1383,-0.4034,-0.1748,-0.2743,8.68
1983-10-31,22,2,0.9579,48.8712,,,,,-0.1345,-0.1699,0.0761,-0.0157,0.033,-0.1316,-0.0761,-0.3604,-0.1371,-0.2411,5.6194
1983-11-30,23,2,1.3359,50.4728,,,,,-0.1047,-0.1404,0.0419,-0.0459,0.0995,-0.076,-0.0209,-0.322,-0.1099,-0.2173,3.6583
1983-12-31,24,2,1.711,51.0934,,,,,-0.1753,-0.2073,0.0077,-0.0778,0.0799,-0.0928,-0.0129,-0.3158,-0.1753,-0.2294,6.2765
1984-01-31,24,2,2.4621,51.2719,,,,,-0.1833,-0.2111,0.0997,0.0079,0.0889,-0.0827,0.0431,-0.272,-0.1833,-0.1941,3.3133
1984-02-29,25,2,2.4621,53.1924,,,,,-0.2254,-0.2524,0.0389,-0.0466,0.0052,-0.1519,-0.0104,-0.3079,-0.2254,-0.2254,9.4361
1984-03-31,26,2,4.6992,52.1496,,,,,-0.203,-0.2321,0.0381,-0.048,-0.0102,-0.1665,-0.0254,-0.3182,-0.2411,-0.2411,14.1793
1984-04-30,23,2,2.809,48.7529,,,,,-0.1417,-0.1714,0.1496,0.0537,0.0079,-0.1542,-0.0105,-0.3056,-0.2152,-0.2152,12.465
1984-05-31,24,2,2.4254,50.954,,,,,-0.1618,-0.1907,0.2202,0.1176,-0.0159,-0.1766,0.0106,-0.2909,-0.2069,-0.2069,12.646
1984-06-30,23,2,0.5576,51.3822,,,,,-0.1614,-0.191,0.1905,0.0877,-0.0265,-0.1865,0.0212,-0.284,-0.209,-0.209,14.5577
1984-07-31,23,2,0.5556,50.4035,,,,,-0.0891,-0.1195,0.296,0.1855,0.0776,-0.099,0.1063,-0.2239,-0.1408,-0.1408,6.9421
1984-08-31,25,2,1.2915,55.4788,,,,,-0.0517,-0.0825,0.3247,0.21,0.0489,-0.1205,0.092,-0.2349,-0.1408,-0.1408,7.757
1984-09-30,27,2,3.125,55.9823,,,,,-0.05,-0.0799,0.3529,0.235,0.0647,-0.1068,0.1529,-0.1915,-0.1206,-0.1206,5.724
1984-10-31,27,2,3.8462,56.8191,,,,,-0.044,-0.0739,0.3636,0.2462,0.0762,-0.098,0.1437,-0.1954,-0.1232,-0.1232,6.4748
1984-11-30,27,2,4.927,55.3914,,,,,-0.0585,-0.0904,0.3684,0.2487,0.152,-0.0365,0.1228,-0.2107,-0.1257,-0.1257,7.1716
1984-12-31,27,2,5.6364,54.2561,,,,,0.0063,-0.0305,0.5188,0.3861,0.2781,0.0676,0.1844,-0.1675,-0.0656,-0.0656,0.7618
1985-01-31,30,2,5.2536,59.9479,,,,,0.1452,0.1014,0.5743,0.4345,0.3531,0.1218,0.2508,-0.1215,-0.0132,-0.0132,-4.6401
1985-02-28,30,2,5.2536,61.5239,,,,,0.1338,0.0986,0.4783,0.3523,0.3946,0.1582,0.2609,-0.1118,0.0,0.0,-6.9418
1985-03-31,31,2,4.8561,63.3564,,,,,0.1019,0.0787,0.414,0.2963,0.2516,0.0394,0.2166,-0.1407,0.0,0.0,-3.3059
1985-04-30,29,2,4.4803,59.3158,,,,,0.0398,0.0235,0.3823,0.262,0.1437,-0.0506,0.1957,-0.1572,-0.0336,-0.0336,-0.1053
1985-05-31,28,2,6.25,55.6383,,,,,0.0823,0.0644,0.4272,0.3021,0.1677,-0.0304,0.2184,-0.1413,0.0,0.0,-3.7735
1985-06-30,30,2,8.7189,57.2872,,,,,0.082,0.0632,0.4227,0.2961,0.1104,-0.0811,0.224,-0.1366,0.0,0.0,-4.1046
1985-07-31,33,2,13.2979,56.6693,,,,,0.0978,0.0797,0.3817,0.2558,0.1451,-0.055,0.2177,-0.1406,0.0,0.0,-4.7362
1985-08-31,31,2,11.8375,55.1101,,,,,0.1424,0.1247,0.3061,0.1842,0.197,-0.0186,0.1636,-0.1788,-0.0242,-0.0242,-1.6023
1985-09-30,26,2,10.7394,45.0125,,,,,0.2941,0.2718,0.2786,0.1567,0.2043,-0.0174,0.1858,-0.1628,-0.0031,-0.0031,-4.7064
1985-10-31,26,2,10.0,46.1218,,,,,0.3006,0.2805,0.2485,0.1298,0.1687,-0.0494,0.1748,-0.1696,-0.0123,-0.0123,-5.7328
1985-11-30,26,2,11.014,45.682,,,,,0.236,0.2204,0.3043,0.1818,0.1863,-0.0328,0.1957,-0.1521,0.0,0.0,-8.792
1985-12-31,29,2,15.5052,46.5988,,,,,0.2143,0.2,0.3012,0.1805,0.1708,-0.0447,0.2019,-0.1449,0.0,0.0,-10.3833
1986-01-31,26,2,16.4931,38.9199,,,,,0.1758,0.16,0.1643,0.0557,0.1066,-0.0971,0.1499,-0.1831,-0.0231,-0.0231,-5.0102
1986-02-28,24,2,16.4931,32.3673,,,,,0.1829,0.1607,0.1445,0.0325,0.0737,-0.1262,0.1947,-0.1545,0.0,0.0,-8.4174
1986-03-31,24,2,16.3793,33.1258,,,,,0.1821,0.1494,0.1272,0.0063,0.0491,-0.1509,0.1445,-0.197,-0.0173,-0.0173,-7.8413
1986-04-30,23,2,16.323,32.1546,,,,,0.2882,0.2425,0.1294,-0.0027,0.0529,-0.1528,0.1559,-0.1951,0.0,0.0,-10.7008
1986-05-31,25,2,16.2671,34.9798,,,,,0.345,0.2974,0.0848,-0.0441,0.0439,-0.1609,0.1462,-0.2012,0.0,0.0,-12.051
1986-06-30,24,2,15.8703,34.2111,,,,,0.312,0.2646,0.0729,-0.0542,0.07,-0.1393,0.1224,-0.2164,0.0,0.0,-13.9378
1986-07-31,24,2,15.8163,34.6667,,,,,0.296,0.247,0.0776,-0.0522,0.0575,-0.1498,0.1006,-0.2324,0.0,0.0,-14.6936
1986-08-31,24,2,17.1186,32.8007,,,,,0.2228,0.1725,-0.0318,-0.1477,-0.0557,-0.2424,0.0265,-0.2843,0.0,-0.0663,-9.6465
1986-09-30,21,2,17.7365,25.2384,,,,,0.1005,0.0554,-0.134,-0.2367,-0.1651,-0.3296,-0.0837,-0.3609,-0.0646,-0.1651,-1.5038
1986-10-31,17,2,17.0034,16.2863,,,,,0.0967,0.0509,-0.1344,-0.2394,-0.1533,-0.3199,-0.1014,-0.3741,-0.0778,-0.1769,-0.8618
1986-11-30,16,2,16.6107,16.0048,,,,,0.1759,0.1249,-0.0101,-0.1319,-0.0955,-0.2753,-0.0503,-0.3393,-0.0176,-0.1231,-7.6308
1986-12-31,19,2,16.2207,21.9859,,,,,0.243,0.1914,0.046,-0.0823,-0.0742,-0.2577,-0.0563,-0.3428,0.0,-0.1074,-10.4799
1987-01-31,20,2,16.5,24.8516,,,,,0.1691,0.1228,0.0049,-0.122,-0.1324,-0.3011,-0.1299,-0.3919,-0.0172,-0.1446,-8.2874
1987-02-28,20,2,16.5,24.2454,,,,,0.1022,0.0605,0.0399,-0.0917,-0.1172,-0.2879,-0.1347,-0.3942,0.0,-0.1297,-11.0457
1987-03-31,22,2,20.0331,25.4298,,,,,0.0856,0.0455,-0.0391,-0.1617,-0.1589,-0.3216,-0.1394,-0.3957,0.0,-0.1589,-10.0595
1987-04-30,23,2,21.2871,24.2682,,,,,0.032,-0.0077,-0.1461,-0.2534,-0.226,-0.3743,-0.2146,-0.4464,0.0,-0.226,-4.3858
1987-05-31,20,2,21.875,17.6897,,,,,-0.0196,-0.0571,-0.1978,-0.2979,-0.2674,-0.4074,-0.2522,-0.4715,-0.0391,-0.2674,0.1457
1987-06-30,18,2,20.4918,14.9821,,,,,0.0022,-0.036,-0.2178,-0.3165,-0.2422,-0.3861,-0.2422,-0.4631,-0.0178,-0.2511,-1.8687
1987-07-31,20,2,21.4052,18.2147,,,,,-0.0288,-0.0673,-0.1951,-0.2981,-0.2173,-0.366,-0.2816,-0.4903,-0.0288,-0.2528,-1.6691
1987-08-31,21,2,21.6612,20.1119,,,,,-0.0651,-0.102,-0.1432,-0.2558,-0.256,-0.396,-0.2972,-0.5004,-0.0651,-0.269,0.764
1987-09-30,21,2,21.9156,20.9149,,,,,-0.1022,-0.1382,-0.1543,-0.268,-0.25,-0.3903,-0.2978,-0.5004,-0.1022,-0.2674,1.1242
1987-10-31,23,2,20.2265,25.6736,,,,,-0.1247,-0.1605,-0.1806,-0.2937,-0.2602,-0.3996,-0.3011,-0.5023,-0.1247,-0.2753,3.182
1987-11-30,22,2,20.1613,25.1455,,,,,-0.1026,-0.1391,-0.1838,-0.2955,-0.2842,-0.4187,-0.3462,-0.5334,-0.1303,-0.2842,5.0429
1987-12-31,23,2,23.6334,22.5916,,,,,-0.1379,-0.1743,-0.2243,-0.3318,-0.3107,-0.44,-0.4053,-0.5751,-0.1626,-0.3107,10.072
1988-01-31,20,2,21.6346,18.6976,,,,,-0.153,-0.1894,-0.195,-0.3067,-0.3103,-0.4397,-0.3941,-0.5662,-0.153,-0.3103,9.3415
1988-02-29,23,2,21.6346,23.6573,,,,,-0.1222,-0.1612,-0.1765,-0.2901,-0.2557,-0.3956,-0.3281,-0.518,-0.1222,-0.2557,2.7138
1988-03-31,31,2,24.6815,38.6276,,,,,-0.1216,-0.1626,-0.1824,-0.2934,-0.2568,-0.3958,-0.3333,-0.5206,-0.1261,-0.259,4.3436
1988-04-30,30,2,22.0635,39.1221,,,,,-0.1504,-0.1912,-0.208,-0.3129,-0.2434,-0.3833,-0.3186,-0.5076,-0.1504,-0.2721,7.3984
1988-05-31,29,2,21.3608,39.4772,,,,,-0.1774,-0.2186,-0.2084,-0.3141,-0.1863,-0.3369,-0.337,-0.5209,-0.1774,-0.2705,8.6332
1988-06-30,32,2,20.347,47.2502,,,,,-0.184,-0.2241,-0.1863,-0.294,-0.1752,-0.3255,-0.3525,-0.5307,-0.184,-0.2705,10.4301
1988-07-31,30,2,20.5975,40.8799,,,,,-0.1438,-0.1851,-0.1598,-0.269,-0.105,-0.2661,-0.3311,-0.5143,-0.1598,-0.2489,9.0723
1988-08-31,34,2,21.1599,49.5572,,,,,-0.1531,-0.1905,-0.174,-0.2804,-0.1206,-0.2773,-0.3411,-0.5201,-0.1531,-0.2367,8.7068
1988-09-30,34,2,20.1562,51.9272,,,,,-0.1235,-0.1607,-0.155,-0.2629,-0.1404,-0.2916,-0.3002,-0.4886,-0.1235,-0.2034,5.6108
1988-10-31,37,2,22.2741,55.4531,,,,,-0.0983,-0.1378,-0.1179,-0.2292,-0.1057,-0.2635,-0.2727,-0.468,-0.1106,-0.1916,5.2334
1988-11-30,38,2,24.0683,56.3956,,,,,-0.0619,-0.1036,-0.1429,-0.2517,-0.1095,-0.2663,-0.3,-0.4868,-0.1381,-0.2167,9.532
1988-12-31,37,2,22.7554,53.8021,,,,,-0.0239,-0.0671,-0.136,-0.2454,-0.0859,-0.2459,-0.3031,-0.4883,-0.136,-0.2148,9.8198
1989-01-31,37,2,22.9938,54.8132,,,,,0.0149,-0.0353,-0.1238,-0.2321,-0.0421,-0.2064,-0.2896,-0.4772,-0.104,-0.1856,6.0848
1989-02-28,38,2,22.9938,55.8023,,,,,0.0747,0.021,-0.0876,-0.1995,-0.0155,-0.1839,-0.2603,-0.4539,-0.067,-0.1521,1.7663
1989-03-31,40,2,25.0,58.5321,,,,,0.0077,-0.0425,-0.1179,-0.2251,-0.0154,-0.1821,-0.2667,-0.4562,-0.0718,-0.1564,1.7083
1989-04-30,40,2,25.841,57.6974,,,,,-0.026,-0.0699,-0.1172,-0.2204,-0.0182,-0.179,-0.263,-0.4532,-0.0573,-0.1432,0.0809
1989-05-31,42,2,27.8963,60.5523,,,,,-0.0054,-0.047,-0.0916,-0.1957,0.027,-0.1388,-0.2561,-0.4456,-0.0243,-0.1132,-3.092
1989-06-30,45,2,29.0274,64.119,,,,,-0.0435,-0.0862,-0.0734,-0.1792,0.0489,-0.1199,-0.2908,-0.4698,-0.0435,-0.106,-3.8308
1989-07-31,47,2,32.5758,64.1429,,,,,-0.032,-0.0765,-0.0587,-0.1659,0.0267,-0.1387,-0.3173,-0.4901,-0.0613,-0.1227,-1.6155
1989-08-31,47,2,35.8006,60.7755,,,,,0.0822,0.0238,-0.0603,-0.1691,0.0411,-0.1301,-0.2959,-0.4754,-0.0356,-0.0986,-3.9709
1989-09-30,45,2,29.6687,63.2259,,,,,0.0746,0.0121,-0.047,-0.1571,0.0829,-0.0948,-0.268,-0.4555,-0.0276,-0.0912,-5.3879
1989-10-31,44,2,28.6787,62.3103,,,,,0.0381,-0.0241,-0.0627,-0.1705,0.0627,-0.108,-0.1526,-0.3678,-0.0409,-0.1035,-4.6675
1989-11-30,44,2,30.0898,60.5475,,,,,-0.0305,-0.087,-0.1497,-0.2467,-0.0254,-0.1809,-0.2563,-0.444,-0.1066,-0.165,2.0173
1989-12-31,39,2,31.4925,47.3567,,,,,-0.0782,-0.1325,-0.1809,-0.273,-0.0733,-0.2203,-0.3081,-0.4823,-0.1394,-0.1956,6.173
1990-01-31,37,2,31.994,42.6461,,,,,-0.0634,-0.1135,-0.1976,-0.2835,-0.0756,-0.2169,-0.3073,-0.4783,-0.1415,-0.1976,7.1416
1990-02-28,34,2,31.994,35.5478,,,,,-0.1271,-0.1711,-0.211,-0.2943,-0.0959,-0.2331,-0.2806,-0.4583,-0.1559,-0.211,9.5447
1990-03-31,32,2,31.8047,32.2814,,,,,-0.0763,-0.1188,-0.1603,-0.2464,-0.028,-0.1733,-0.2723,-0.4527,-0.1043,-0.1628,4.3835
1990-04-30,36,2,30.531,41.7361,,,,,-0.0428,-0.0867,-0.0856,-0.1803,0.0455,-0.1123,-0.2513,-0.4353,-0.0588,-0.1203,-0.0076
1990-05-31,41,2,27.5,58.6421,,,,,-0.0325,-0.0789,-0.0054,-0.1096,0.0434,-0.1144,-0.2547,-0.438,-0.0461,-0.1084,-0.9769
1990-06-30,40,2,25.3666,59.3754,,,,,0.0426,-0.0042,0.0568,-0.0486,0.1023,-0.0605,-0.1875,-0.3871,0.0,-0.0653,-5.2718
1990-07-31,44,2,28.2164,62.977,,,,,0.0138,-0.0287,0.0799,-0.0247,0.0634,-0.0906,-0.2231,-0.413,-0.0165,-0.0937,-2.6627
1990-08-31,43,2,29.0087,60.435,,,,,-0.0987,-0.1317,-0.0405,-0.128,-0.0278,-0.1633,-0.3063,-0.4714,-0.0987,-0.1671,5.7947
1990-09-30,38,2,35.6105,40.5601,,,,,-0.1028,-0.1323,-0.0874,-0.1661,-0.0154,-0.1479,-0.2956,-0.4624,-0.1028,-0.1542,5.0868
1990-10-31,43,2,43.0435,42.8537,,,,,-0.0577,-0.0838,-0.0446,-0.1247,0.0052,-0.1264,-0.2913,-0.4564,-0.084,-0.1365,3.8611
1990-11-30,53,2,53.6127,51.3498,,,,,-0.0576,-0.0856,-0.0209,-0.1034,0.0079,-0.1233,-0.3037,-0.4656,-0.0864,-0.1387,4.6457
1990-12-31,57,2,56.3401,58.6601,,,,,-0.0398,-0.0676,0.0159,-0.0681,0.0265,-0.1049,-0.2812,-0.4475,-0.0743,-0.1273,3.7786
1991-01-31,62,2,62.7874,60.9767,,,,,-0.0781,-0.1021,0.0078,-0.0721,0.0391,-0.0953,-0.3099,-0.4706,-0.0911,-0.1432,6.0572
1991-02-28,59,2,62.7874,53.8764,,,,,-0.0275,-0.0541,0.0495,-0.0357,0.1126,-0.0324,-0.2802,-0.4487,-0.0412,-0.0962,1.2029
1991-03-31,56,2,49.0,64.2598,,,,,-0.0523,-0.0816,0.0579,-0.0306,0.0909,-0.0543,-0.2755,-0.4454,-0.0523,-0.0937,1.1596
1991-04-30,45,2,31.1966,62.4964,,,,,-0.0531,-0.0823,0.0531,-0.0335,0.0978,-0.0499,-0.2737,-0.4438,-0.0531,-0.081,0.2201
1991-05-31,45,2,31.6761,61.979,,,,,-0.056,-0.0837,0.0672,-0.0189,0.098,-0.048,-0.2381,-0.4173,-0.056,-0.0784,0.4059
1991-06-30,47,2,35.8357,61.8026,,,,,-0.0708,-0.098,0.0518,-0.0329,0.049,-0.0895,-0.2643,-0.4369,-0.0817,-0.1035,3.7268
1991-07-31,39,2,28.3898,52.4276,,,,,-0.0408,-0.0701,0.0462,-0.0398,0.0408,-0.0971,-0.2717,-0.4409,-0.0842,-0.106,4.6466
1991-08-31,39,2,26.9014,53.0404,,,,,-0.0365,-0.0653,0.0674,-0.0214,0.0871,-0.0554,-0.236,-0.4117,-0.0534,-0.0758,1.5768
1991-09-30,43,2,26.5449,64.277,,,,,-0.0115,-0.0402,0.1232,0.0307,0.0974,-0.0466,-0.1891,-0.3762,-0.0344,-0.0573,-0.1109
1991-10-31,44,2,25.9104,65.7096,,,,,-0.0418,-0.0722,0.0864,-0.0024,0.0613,-0.0796,-0.2117,-0.391,-0.0613,-0.0836,2.8506
1991-11-30,39,2,21.0894,61.5056,,,,,-0.0694,-0.0976,0.0667,-0.0188,0.05,-0.0883,-0.2333,-0.4048,-0.0694,-0.0861,3.5015
1991-12-31,41,2,24.9304,61.3334,,,,,-0.0746,-0.1012,0.047,-0.036,0.0193,-0.1146,-0.2376,-0.406,-0.0746,-0.0912,4.7019
1992-01-31,42,2,27.0833,59.7005,,,,,-0.0706,-0.0999,0.0706,-0.0162,0.0028,-0.1299,-0.2034,-0.38,-0.0706,-0.0706,3.0448
1992-02-29,43,2,27.0833,62.1525,,,,,-0.0706,-0.0998,0.065,-0.0218,-0.0198,-0.1493,-0.1638,-0.3489,-0.0706,-0.0706,3.6781
1992-03-31,40,2,23.3425,61.0817,,,,,-0.0407,-0.0688,0.1105,0.0216,0.0233,-0.1093,-0.1453,-0.334,-0.0436,-0.0436,1.3646
1992-04-30,42,2,25.2066,63.9003,,,,,0.0088,-0.022,0.1534,0.0592,0.0147,-0.1153,-0.1062,-0.3051,-0.0295,-0.0295,0.2397
1992-05-31,44,2,26.511,64.8504,,,,,0.089,0.055,0.1424,0.0493,0.0208,-0.1082,-0.0682,-0.2748,-0.0237,-0.0237,-0.4243
1992-06-30,43,2,24.5205,65.0744,,,,,0.0909,0.0592,0.1378,0.046,0.0,-0.1255,-0.0587,-0.2657,-0.0352,-0.0352,0.0683
1992-07-31,44,2,27.459,64.3132,,,,,0.1105,0.0797,0.0935,0.0068,-0.0822,-0.196,-0.1133,-0.3079,-0.068,-0.0822,2.8709
1992-08-31,41,2,30.3815,54.6053,,,,,0.105,0.0744,0.1195,0.0309,-0.0554,-0.1729,-0.0962,-0.295,-0.0408,-0.0554,-0.8489
1992-09-30,45,2,31.6576,62.0012,,,,,0.029,0.0013,0.1101,0.0231,-0.0638,-0.1805,-0.0754,-0.2784,-0.0464,-0.0638,-1.067
1992-10-31,45,2,32.3848,60.3354,,,,,0.0581,0.0298,0.1134,0.0278,-0.0552,-0.1711,-0.0785,-0.2794,-0.0436,-0.061,-1.5878
1992-11-30,46,2,33.6486,62.3847,,,,,0.1164,0.0866,0.1493,0.0625,-0.0866,-0.1973,-0.0478,-0.2545,-0.0179,-0.0866,-4.6084
1992-12-31,46,2,30.0539,65.3373,,,,,0.1433,0.112,0.1552,0.0682,-0.1373,-0.2413,-0.009,-0.2243,-0.0179,-0.1373,-5.4774
1993-01-31,45,2,29.4355,65.2304,,,,,0.1763,0.1482,0.2128,0.1195,-0.1216,-0.2257,0.0851,-0.1514,0.0,-0.1216,-8.196
1993-02-28,46,2,29.4355,65.846,,,,,0.1611,0.1326,0.231,0.1365,-0.0973,-0.2026,0.0912,-0.1495,0.0,-0.1216,-9.4449
1993-03-31,52,2,40.2406,65.9989,,,,,0.1636,0.1336,0.2,0.1059,-0.103,-0.2066,0.0333,-0.1948,0.0,-0.1242,-10.3294
1993-04-30,52,2,41.4667,64.1186,,,,,0.1023,0.0769,0.1491,0.0586,-0.0994,-0.2016,-0.0409,-0.2472,0.0,-0.155,-8.2831
1993-05-31,46,2,44.5479,48.0226,,,,,0.0381,0.0149,0.0681,-0.0152,-0.1853,-0.2775,-0.03,-0.2352,-0.0327,-0.2125,-2.4089
1993-06-30,43,2,44.4297,40.5604,,,,,0.0376,0.0124,0.0349,-0.047,-0.2151,-0.3043,-0.043,-0.2458,-0.0457,-0.2231,-1.3897
1993-07-31,40,2,41.1376,39.5159,,,,,-0.0179,-0.0437,-0.023,-0.1007,-0.2526,-0.3382,-0.1046,-0.2957,-0.0944,-0.2628,3.5934
1993-08-31,38,2,41.2929,34.9981,,,,,0.0026,-0.0256,0.0211,-0.0594,-0.2507,-0.336,-0.0501,-0.2545,-0.0633,-0.2507,0.3044
1993-09-30,41,2,43.8158,38.3165,,,,,0.1042,0.0724,0.0789,-0.008,-0.1859,-0.278,0.0676,-0.1637,0.0,-0.2,-6.0679
1993-10-31,50,2,51.8373,46.8641,,,,,0.0714,0.0442,0.0467,-0.0367,-0.1868,-0.2776,0.0412,-0.1801,0.0,-0.2198,-4.493
1993-11-30,49,2,52.2251,44.7298,,,,,0.0267,0.0007,0.0107,-0.0702,-0.2139,-0.3006,0.0428,-0.177,0.0,-0.2406,-2.44
1993-12-31,41,2,40.6005,41.4111,,,,,-0.0104,-0.0355,-0.0366,-0.1141,-0.2376,-0.3215,0.0627,-0.1619,-0.0157,-0.2585,-0.3145
1994-01-31,40,2,41.0156,38.252,,,,,-0.0207,-0.048,-0.0827,-0.1581,-0.2584,-0.3412,0.0698,-0.1599,-0.0258,-0.2661,0.8155
1994-02-28,39,2,41.0156,37.2063,,,,,-0.0131,-0.0406,-0.0916,-0.1656,-0.2487,-0.3308,0.0602,-0.1669,-0.0131,-0.2565,-0.3134
1994-03-31,36,2,31.4767,40.8604,,,,,-0.0052,-0.0322,-0.0833,-0.1562,-0.2552,-0.3352,0.0599,-0.1667,-0.0182,-0.2604,0.3196
1994-04-30,33,2,27.7778,40.5164,,,,,0.0371,0.0057,-0.0875,-0.16,-0.2493,-0.334,0.069,-0.1603,0.0,-0.2493,-1.4663
1994-05-31,31,2,20.4897,44.6341,,,,,0.0105,-0.0201,-0.0971,-0.1671,-0.2756,-0.3563,0.0079,-0.2101,-0.0105,-0.2756,-0.7224
1994-06-30,30,2,17.8663,45.7584,,,,,0.0052,-0.0245,-0.1166,-0.1844,-0.3238,-0.3976,0.0155,-0.2049,-0.0233,-0.3238,0.4927
1994-07-31,32,2,20.8974,44.942,,,,,0.0026,-0.025,-0.1584,-0.2214,-0.3351,-0.4081,0.0338,-0.1887,-0.0208,-0.3351,0.1895
1994-08-31,35,2,21.0997,52.1379,,,,,0.0105,-0.0152,-0.1474,-0.2099,-0.3237,-0.3969,0.0553,-0.169,-0.0079,-0.3263,-1.1329
1994-09-30,35,2,25.3827,48.1382,,,,,-0.023,-0.0472,-0.176,-0.2368,-0.324,-0.3985,0.0332,-0.1873,-0.0383,-0.3469,1.8996
1994-10-31,31,2,22.7735,41.3056,,,,,-0.0179,-0.0442,-0.1667,-0.2291,-0.2026,-0.2913,0.0769,-0.1567,-0.0333,-0.3436,1.5746
1994-11-30,29,2,16.6244,43.8866,,,,,0.0026,-0.0228,-0.2031,-0.2618,-0.237,-0.3213,0.1432,-0.1066,-0.0182,-0.3333,0.1618
1994-12-31,30,2,15.3165,47.4272,,,,,0.0211,-0.0041,-0.2375,-0.2926,-0.2533,-0.336,0.1662,-0.0869,-0.0053,-0.3245,-1.1637
1995-01-31,36,2,16.0354,60.2749,,,,,0.0528,0.0242,-0.2375,-0.2916,-0.2507,-0.3339,0.1187,-0.1212,-0.0053,-0.3245,-1.336
1995-02-28,36,2,16.0354,60.3125,,,,,0.0743,0.0459,-0.2122,-0.2662,-0.2042,-0.2936,0.122,-0.12,0.0,-0.321,-2.2722
1995-03-31,39,2,21.7337,61.3085,,,,,0.0366,0.008,-0.2251,-0.2768,-0.2513,-0.338,0.1361,-0.1104,0.0,-0.3298,-1.5598
1995-04-30,40,2,24.4361,59.2319,,,,,0.0051,-0.0226,-0.2123,-0.2628,-0.2839,-0.3639,0.0972,-0.1402,-0.0205,-0.3453,0.4579
1995-05-31,37,2,29.625,45.4714,,,,,0.0182,-0.0098,-0.2234,-0.2735,-0.2857,-0.3654,0.0961,-0.1389,-0.0052,-0.3351,-1.1254
1995-06-30,40,2,33.0424,48.2309,,,,,-0.0077,-0.035,-0.2474,-0.2955,-0.2629,-0.3476,0.1108,-0.126,-0.0129,-0.3402,-0.5049
1995-07-31,43,2,38.9303,47.9987,,,,,-0.0078,-0.0356,-0.2409,-0.2902,-0.2694,-0.3545,0.0984,-0.14,-0.0078,-0.3368,-0.9532
1995-08-31,41,2,34.1191,48.6578,,,,,0.0078,-0.0198,-0.2604,-0.3079,-0.2865,-0.3683,0.1406,-0.1106,-0.0026,-0.3333,-1.4014
1995-09-30,41,2,29.8267,54.1146,,,,,0.0,-0.0292,-0.2454,-0.2934,-0.2846,-0.3691,0.1906,-0.0831,0.0,-0.3316,-1.7226
1995-10-31,45,2,31.9753,60.7578,,,,,-0.0052,-0.0348,-0.2272,-0.2762,-0.295,-0.3777,0.2272,-0.0539,-0.0052,-0.3316,-1.7226
1995-11-30,47,2,36.5764,60.8999,,,,,-0.0182,-0.0491,-0.2364,-0.2848,-0.3091,-0.3904,0.239,-0.0387,-0.0182,-0.3351,-1.1655
1995-12-31,42,2,35.9951,49.0154,,,,,-0.0465,-0.0777,-0.2455,-0.2937,-0.2997,-0.3828,0.3178,0.0238,-0.0465,-0.3385,-0.4969
1996-01-31,43,2,38.848,47.8356,,,,,-0.1103,-0.1365,-0.2807,-0.3244,-0.3358,-0.4149,0.3784,0.07,-0.1103,-0.3584,3.0076
1996-02-29,42,2,38.848,45.0516,,,,,-0.1432,-0.1684,-0.2914,-0.3331,-0.3531,-0.4303,0.3704,0.0652,-0.1432,-0.3679,5.6049
1996-03-31,41,2,40.8537,40.9521,,,,,-0.1111,-0.135,-0.2778,-0.3185,-0.3359,-0.4135,0.4066,0.0952,-0.1237,-0.3535,4.6201
1996-04-30,39,2,34.1849,46.0993,,,,,-0.1247,-0.1455,-0.2799,-0.3224,-0.3384,-0.4146,0.5547,0.2092,-0.1247,-0.3486,4.8613
1996-05-31,39,2,31.432,48.6785,,,,,-0.1224,-0.1417,-0.2959,-0.3366,-0.3061,-0.3879,0.7219,0.3379,-0.1224,-0.3469,5.7785
1996-06-30,38,2,28.9346,48.6703,,,,,-0.1143,-0.1336,-0.3221,-0.3601,-0.2987,-0.3816,0.5481,0.2021,-0.1143,-0.3351,5.0316
1996-07-31,43,2,28.3816,62.0233,,,,,-0.154,-0.172,-0.3316,-0.3705,-0.3003,-0.3807,0.6554,0.2809,-0.154,-0.3316,5.5557
1996-08-31,44,2,28.7952,63.3275,,,,,-0.1628,-0.1815,-0.3359,-0.3753,-0.2972,-0.3772,0.6357,0.2617,-0.1628,-0.3385,8.1914
1996-09-30,41,2,30.1683,55.6622,,,,,-0.1567,-0.175,-0.3081,-0.3497,-0.2611,-0.3457,0.5614,0.2141,-0.1567,-0.3316,8.6768
1996-10-31,44,2,30.0959,61.0677,,,,,-0.147,-0.1644,-0.1837,-0.2318,-0.2572,-0.3384,0.5381,0.2052,-0.1522,-0.3281,9.6492
1996-11-30,48,2,34.5694,64.2029,,,,,-0.1905,-0.2055,-0.2249,-0.2695,-0.2698,-0.3472,0.6614,0.3052,-0.1905,-0.3228,10.2104
1996-12-31,55,2,46.6587,65.2707,,,,,-0.2168,-0.2299,-0.2331,-0.2771,-0.252,-0.3292,0.7073,0.3374,-0.2168,-0.3062,9.5004
1997-01-31,57,2,46.7857,69.1926,,,,,-0.1859,-0.199,-0.2,-0.2468,-0.2056,-0.2874,0.7775,0.3927,-0.1859,-0.2789,7.5652
1997-02-28,58,2,46.7857,72.6816,,,,,-0.1441,-0.1562,-0.1354,-0.1878,-0.147,-0.2347,0.9164,0.4986,-0.1671,-0.2622,7.0015
1997-03-31,54,2,36.1374,75.3978,,,,,-0.1591,-0.1705,-0.1875,-0.2407,-0.1648,-0.2523,0.8608,0.4485,-0.179,-0.2727,9.9664
1997-04-30,49,2,28.7234,73.4479,,,,,-0.1047,-0.1173,-0.186,-0.2384,-0.1192,-0.2145,0.9738,0.5328,-0.1599,-0.2558,9.0079
1997-05-31,46,2,22.9953,74.5336,,,,,-0.1308,-0.1452,-0.2006,-0.2533,-0.0872,-0.1869,0.939,0.4995,-0.1599,-0.2558,9.9819
1997-06-30,45,2,22.4706,73.9058,,,,,-0.1437,-0.1574,-0.1613,-0.2197,-0.0587,-0.1603,0.9238,0.4871,-0.1525,-0.2493,10.266
1997-07-31,48,2,26.6432,73.6773,,,,,-0.0957,-0.1112,-0.1296,-0.1916,-0.034,-0.1391,1.0525,0.5858,-0.108,-0.2099,6.0976
1997-08-31,50,2,28.6885,76.9731,,,,,-0.1235,-0.1374,-0.1543,-0.2126,-0.0432,-0.1476,1.0525,0.5893,-0.1235,-0.2099,6.9793
1997-09-30,50,2,28.8551,76.6266,,,,,-0.1053,-0.1178,-0.1517,-0.2123,-0.0124,-0.1194,1.2074,0.7063,-0.1207,-0.2074,7.8192
1997-10-31,50,2,29.021,75.9983,,,,,-0.0892,-0.1026,-0.1692,-0.2285,-0.0246,-0.1307,1.3231,0.7935,-0.1262,-0.2123,9.4732
1997-11-30,50,2,29.4186,74.7536,,,,,-0.0392,-0.0533,-0.1307,-0.1931,0.0425,-0.0712,1.634,1.0201,-0.0719,-0.1634,3.842
1997-12-31,51,2,29.1183,78.5756,,,,,0.0104,-0.0056,-0.0623,-0.131,0.1488,0.0224,1.7785,1.1262,-0.0173,-0.1142,-1.6058
1998-01-31,51,2,27.4306,79.6364,,,,,-0.0069,-0.0232,-0.083,-0.1541,0.2353,0.0959,2.0796,1.3513,-0.0173,-0.1142,-1.6914
1998-02-28,50,2,27.4306,78.688,,,,,-0.0337,-0.0495,-0.1178,-0.188,0.2088,0.0665,2.1044,1.3646,-0.0438,-0.138,1.0896
1998-03-31,49,2,27.0737,75.6396,,,,,-0.0338,-0.0502,-0.1115,-0.1826,0.152,0.0148,2.2703,1.482,-0.0405,-0.1351,1.0386
1998-04-30,48,2,26.092,75.749,,,,,-0.0812,-0.1017,-0.1558,-0.2238,0.0649,-0.0571,1.9545,1.24,-0.0812,-0.1688,5.438
1998-05-31,46,2,26.9495,70.7327,,,,,-0.0769,-0.0958,-0.0903,-0.1657,0.1906,0.0585,1.9732,1.2464,-0.0769,-0.1438,3.0717
1998-06-30,49,2,30.0915,72.9655,,,,,-0.1062,-0.1234,-0.0753,-0.1529,0.2192,0.084,2.0445,1.2792,-0.1062,-0.1233,1.3368
1998-07-31,51,2,31.621,74.2965,,,,,-0.1263,-0.1446,-0.0853,-0.1585,0.198,0.0643,2.2082,1.3906,-0.1263,-0.1263,2.677
1998-08-31,51,2,34.0547,71.3621,,,,,-0.0951,-0.1151,-0.0423,-0.1178,0.2676,0.1226,1.9542,1.2073,-0.0986,-0.0986,0.6905
1998-09-30,52,2,33.9773,74.1813,,,,,-0.083,-0.1065,-0.0208,-0.101,0.3114,0.1584,1.872,1.1453,-0.1142,-0.1142,3.3542
1998-10-31,53,2,38.8889,71.536,,,,,0.0507,0.0244,-0.0439,-0.1177,0.2804,0.135,1.7264,1.0593,-0.1351,-0.1351,6.6306
1998-11-30,55,2,45.1357,68.0877,,,,,-0.0034,-0.0288,-0.0612,-0.1321,0.3265,0.1767,1.5884,0.9928,-0.1293,-0.1293,5.5109
1998-12-31,51,2,39.6163,66.0633,,,,,-0.0308,-0.0561,-0.0548,-0.1241,0.3938,0.2353,1.7945,1.1732,-0.1233,-0.1233,4.8213
1999-01-31,52,2,45.3829,59.607,,,,,-0.0105,-0.0373,-0.0174,-0.0893,0.4425,0.2753,1.993,1.326,-0.108,-0.108,3.2869
1999-02-28,55,2,45.3829,66.8788,,,,,0.0453,0.0127,0.0314,-0.0457,0.4111,0.2449,2.2857,1.5442,-0.108,-0.108,3.375
1999-03-31,52,2,39.574,68.0224,,,,,0.0,-0.0363,0.028,-0.0509,0.4231,0.2535,2.2308,1.5056,-0.1049,-0.1049,2.6549
1999-04-30,51,2,36.3535,68.3593,,,,,-0.0106,-0.0395,0.0707,-0.0093,0.424,0.2607,2.1449,1.4528,-0.0954,-0.0954,1.5781
1999-05-31,59,2,50.1116,71.1418,,,,,-0.0036,-0.0339,0.1377,0.0521,0.3913,0.2272,2.3659,1.623,-0.0725,-0.0725,-0.8473
1999-06-30,53,2,37.0824,72.2338,,,,,0.0958,0.0563,0.2299,0.1368,0.5019,0.3198,2.6245,1.8012,-0.0192,-0.0192,-6.2074
1999-07-31,50,2,29.8889,75.859,,,,,0.1016,0.0633,0.2227,0.1323,0.5547,0.3705,2.6484,1.8324,0.0,0.0,-8.7187
1999-08-31,54,2,34.7007,77.2546,,,,,0.0661,0.0316,0.2062,0.1167,0.5603,0.3781,2.6926,1.864,0.0,0.0,-9.1334
1999-09-30,52,2,34.1814,75.1503,,,,,0.034,-0.0006,0.2038,0.1172,0.5283,0.3512,2.7623,1.9246,0.0,-0.0189,-6.838
1999-10-31,55,2,41.6115,72.6895,,,,,-0.1318,-0.1608,0.0193,-0.0544,0.3505,0.1898,2.3537,1.6038,-0.1318,-0.164,9.0122
1999-11-30,40,2,35.3524,44.9041,,,,,-0.0922,-0.1224,0.0887,0.0102,0.4983,0.3162,2.8464,1.9817,-0.0922,-0.1126,3.895
1999-12-31,47,2,38.5714,56.7635,,,,,-0.0424,-0.0742,0.1731,0.0893,0.5618,0.3753,3.0106,2.1148,-0.0601,-0.0813,1.1661
2000-01-31,46,2,34.7588,60.0494,,,,,-0.0669,-0.1004,0.257,0.1655,0.493,0.3192,2.9366,2.0644,-0.0669,-0.0845,1.8939
2000-02-29,45,2,34.7588,58.9258,,,,,-0.1267,-0.1564,0.1967,0.108,0.41,0.2458,2.65,1.8557,-0.1267,-0.1333,8.2656
2000-03-31,44,2,41.1572,47.901,,,,,-0.0804,-0.1071,0.1923,0.1087,0.5175,0.3438,2.8916,2.0617,-0.0839,-0.0909,4.3654
2000-04-30,60,2,62.6362,55.8691,,,,,-0.0714,-0.1004,0.1714,0.0928,0.5321,0.3518,3.1036,2.2258,-0.0714,-0.0714,2.8894
2000-05-31,54,2,49.2391,60.4877,,,,,-0.0109,-0.0449,0.2945,0.2117,0.5345,0.357,3.3818,2.4524,-0.0545,-0.0545,1.6817
2000-06-30,52,2,40.8894,65.9615,,,,,-0.0559,-0.0852,0.2448,0.1707,0.507,0.3397,3.3112,2.418,-0.0909,-0.0909,5.8445
2000-07-31,58,2,64.3939,50.2149,,,,,-0.0496,-0.0748,0.2447,0.1701,0.5035,0.3323,3.2305,2.3575,-0.078,-0.078,4.8511
2000-08-31,58,2,63.1749,51.8425,,,,,-0.0073,-0.0336,0.3139,0.2298,0.5985,0.4078,3.438,2.517,-0.0511,-0.0511,2.2996
2000-09-30,62,2,62.8233,60.4986,,,,,0.0328,0.0068,0.3832,0.2973,0.6642,0.4533,3.6387,2.6893,-0.0511,-0.0511,2.3609
2000-10-31,64,2,64.8387,62.2002,,,,,0.0481,0.0263,0.4037,0.3202,0.7407,0.5204,3.9704,2.9462,-0.037,-0.037,0.6054
2000-11-30,70,2,65.3433,75.4035,,,,,0.0376,0.0183,0.4662,0.3806,0.7932,0.5769,4.1504,3.0858,-0.0226,-0.0226,-1.2622
2000-12-31,70,2,66.2741,74.2434,,,,,0.0185,0.0024,0.5018,0.4136,0.8819,0.6587,4.1328,3.0649,-0.0406,-0.0406,0.2862
2001-01-31,71,2,72.3291,69.7256,,,,,0.0642,0.0516,0.5623,0.4725,1.0755,0.8287,4.1321,3.0743,-0.0189,-0.0189,-2.0818
2001-02-28,72,2,72.3291,72.1979,,,,,0.1298,0.1171,0.5458,0.4572,1.1183,0.8697,4.2481,3.1626,-0.0076,-0.0076,-3.687
2001-03-31,76,2,76.4894,75.9523,,,,,0.1179,0.1028,0.5475,0.4565,1.1179,0.8676,4.4106,3.2718,-0.0114,-0.0114,-4.2802
2001-04-30,71,2,69.9575,72.743,,,,,0.1654,0.1465,0.55,0.459,1.35,1.0655,4.6962,3.4839,0.0,0.0,-6.2408
2001-05-31,71,2,69.8093,72.9976,,,,,0.1544,0.1403,0.4118,0.33,1.4816,1.1857,4.5625,3.387,-0.0147,-0.0147,-3.1506
2001-06-30,67,2,71.7759,60.4976,,,,,0.1889,0.1763,0.4519,0.3658,1.2074,0.9438,4.663,3.4763,-0.0074,-0.0074,-4.9692
2001-07-31,68,2,67.616,67.7234,,,,,0.1679,0.151,0.4851,0.3932,1.3657,1.0684,4.8694,3.6196,0.0,0.0,-6.9873
2001-08-31,63,2,60.1053,67.6349,,,,,0.1397,0.1201,0.4743,0.3823,1.3272,1.0257,5.4669,4.0739,0.0,0.0,-6.815
2001-09-30,63,2,65.6513,59.3086,,,,,0.1272,0.1104,0.4311,0.3429,1.1131,0.8557,5.2615,3.9214,-0.0247,-0.0247,-4.1093
2001-10-31,59,2,66.9811,49.8625,,,,,0.1201,0.0979,0.4841,0.3814,1.0707,0.8215,4.8869,3.6109,-0.0247,-0.0247,-5.0498
2001-11-30,57,2,62.2385,49.3542,,,,,0.1558,0.1303,0.5906,0.4728,1.2754,0.9994,5.3007,3.9231,0.0,0.0,-8.27
2001-12-31,52,2,53.1315,51.6823,,,,,0.2029,0.1738,0.6014,0.482,1.2826,0.9938,4.942,3.6391,0.0,0.0,-9.3933
2002-01-31,43,2,35.5208,52.6967,,,,,0.266,0.232,0.5035,0.3945,1.2376,0.9545,4.8652,3.5745,0.0,0.0,-8.8598
2002-02-28,42,2,35.5208,49.8681,,,,,0.2128,0.1758,0.4291,0.3221,1.2466,0.9581,4.8953,3.5958,-0.0068,-0.0068,-6.1727
2002-03-31,37,2,31.2241,43.9651,,,,,0.1599,0.1258,0.4762,0.3646,1.2279,0.9372,4.7007,3.4473,0.0,0.0,-8.2592
2002-04-30,36,2,28.2609,45.7393,,,,,0.0825,0.0595,0.4158,0.3106,1.2409,0.9514,4.4422,3.2576,0.0,0.0,-6.6346
2002-05-31,38,2,34.1942,42.1851,,,,,0.1338,0.1127,0.3439,0.2461,1.1242,0.8442,4.0605,2.9716,-0.0127,-0.0127,-3.9033
2002-06-30,34,2,28.1443,40.9111,,,,,0.109,0.0878,0.3427,0.2449,1.0436,0.7711,3.9813,2.9149,-0.0343,-0.0343,-2.7661
2002-07-31,34,2,29.7325,38.8342,,,,,0.1214,0.0988,0.3546,0.2511,1.1246,0.8421,4.0927,3.0101,-0.0096,-0.0096,-5.9882
2002-08-31,43,2,42.8131,42.4416,,,,,0.1613,0.1361,0.4129,0.3005,1.1452,0.8645,4.2581,3.1279,0.0,0.0,-7.7828
2002-09-30,54,2,60.7582,45.5988,,,,,0.1881,0.1605,0.4295,0.3,1.2351,0.9377,4.4702,3.2812,-0.0063,-0.0063,-6.2966
2002-10-31,55,2,64.1104,43.5818,,,,,0.1956,0.1717,0.4826,0.3494,1.3817,1.063,4.511,3.311,0.0,0.0,-8.195
2002-11-30,59,2,70.7143,45.0379,,,,,0.2226,0.1994,0.4953,0.37,1.5266,1.1751,4.3981,3.2368,0.0,0.0,-8.9877
2002-12-31,61,2,73.6253,44.4031,,,,,0.2259,0.2015,0.5361,0.4097,1.4187,1.0796,4.0753,2.9905,-0.012,-0.012,-6.8576
2003-01-31,61,2,77.5407,39.4807,,,,,0.1597,0.1366,0.5406,0.4115,1.493,1.1455,3.6835,2.6913,-0.0812,-0.0812,-1.4951
2003-02-28,59,2,77.5407,36.1932,,,,,0.1281,0.1094,0.546,0.4235,1.5682,1.217,3.5348,2.5743,-0.0864,-0.0864,-2.0971
2003-03-31,65,2,87.3482,36.48,,,,,0.1935,0.1731,0.6334,0.5042,1.8387,1.4457,3.6716,2.6985,-0.0381,-0.0381,-7.9049
2003-04-30,67,2,86.7677,42.8059,,,,,0.2287,0.2011,0.8628,0.7004,1.7744,1.3757,3.5366,2.5855,0.0,0.0,-12.7157
2003-05-31,62,2,73.2863,48.9995,,,,,0.0787,0.0483,0.8961,0.7228,1.4972,1.1223,2.9719,2.1327,-0.014,-0.014,-6.9478
2003-06-30,60,2,75.3521,41.0286,,,,,0.1011,0.0673,0.6742,0.519,1.4972,1.1026,2.7725,1.9716,-0.014,-0.014,-7.5555
2003-07-31,63,2,79.0161,42.8099,,,,,0.1339,0.1015,0.8063,0.6353,1.6781,1.2462,2.6638,1.8898,0.0,0.0,-9.6084
2003-08-31,62,3,69.4389,44.1884,72.9167,,,,0.1139,0.0862,0.7583,0.5918,1.3306,0.9662,2.7556,1.968,0.0,0.0,-8.3
2003-09-30,50,3,65.3,41.6709,34.0,,,,0.0686,0.0421,0.5778,0.4401,1.19,0.852,2.5594,1.821,0.0,0.0,-4.3573
2003-10-31,51,3,69.9601,36.8816,36.5385,,,,0.1082,0.0739,0.5462,0.416,1.1293,0.8144,2.4749,1.7497,0.0,0.0,-4.8923
2003-11-30,45,3,64.8406,37.2489,24.0741,,,,0.1256,0.0863,0.6103,0.4747,0.9513,0.6936,2.2718,1.5856,-0.0154,-0.0154,-2.969
2003-12-31,39,3,61.9284,36.0193,5.3571,,,,0.086,0.0509,0.5479,0.4138,1.0049,0.7593,2.0025,1.3729,-0.0565,-0.0565,0.2899
2004-01-31,39,3,64.9802,34.266,1.7241,,,,0.0242,-0.0042,0.5242,0.3958,1.0749,0.8239,2.0048,1.3792,-0.0725,-0.0725,1.3435
2004-02-29,40,3,64.9802,36.282,1.6667,,,,0.0444,0.0135,0.642,0.5011,1.3284,1.0437,2.2099,1.5442,-0.0519,-0.0519,-1.0519
2004-03-31,40,3,61.3636,39.2431,4.8387,,,,0.0663,0.0332,0.6093,0.4668,1.2703,0.999,2.2826,1.6021,-0.0565,-0.0565,-0.9196
2004-04-30,42,3,67.5542,36.955,4.6875,,,,0.0645,0.0299,0.6849,0.5334,1.2084,0.9457,2.2208,1.5525,-0.0471,-0.0471,-2.4067
2004-05-31,42,3,67.815,39.0858,4.5455,,,,0.099,0.0683,0.737,0.5811,1.4193,1.1374,2.3568,1.6665,0.0,0.0,-7.4891
2004-06-30,51,3,72.3969,48.5436,19.1176,,,,0.0995,0.0722,0.6735,0.5254,1.4133,1.1224,2.2628,1.598,0.0,0.0,-6.3278
2004-07-31,50,3,77.3529,46.1616,10.0,,,,0.0653,0.0336,0.6709,0.5219,1.3467,1.0667,2.294,1.6227,0.0,0.0,-5.6597
2004-08-31,51,3,77.3973,44.2602,15.2778,,,,0.0923,0.0538,0.6584,0.5109,1.3666,1.0783,2.2294,1.5731,0.0,0.0,-5.4634
2004-09-30,56,3,74.1211,45.2287,39.1892,,,,0.1259,0.075,0.7605,0.6022,1.4617,1.1645,2.0543,1.4411,0.0,0.0,-5.2314
2004-10-31,54,3,76.9006,46.4315,25.0,,,,0.119,0.0724,0.7976,0.6396,1.4833,1.1885,1.9095,1.3381,0.0,0.0,-2.688
2004-11-30,55,3,85.7004,42.6541,21.7949,,,,0.0866,0.0515,0.836,0.6694,1.5672,1.2654,1.6765,1.1651,-0.0387,-0.0387,0.7876
2004-12-31,53,3,88.835,37.9918,13.75,,,,0.1538,0.1166,0.8167,0.6471,1.5679,1.2649,1.7172,1.2048,-0.0452,-0.0452,0.808
2005-01-31,52,3,85.7558,39.2098,13.4146,,,,0.2972,0.2471,1.0991,0.8955,1.6368,1.3229,1.9505,1.4082,-0.0047,-0.0047,-4.3632
2005-02-28,54,3,85.7558,45.2789,13.4146,,,,0.3121,0.266,1.1797,0.9718,1.5887,1.2922,1.9007,1.3714,-0.0024,-0.0024,-6.4933
2005-03-31,73,3,82.722,46.0546,91.6667,,,,0.2834,0.241,1.2304,1.0178,1.5645,1.2784,1.7166,1.223,-0.0276,-0.0276,-6.0953
2005-04-30,70,3,80.6358,43.4883,87.5,,,,0.4242,0.3746,1.1212,0.9205,1.6783,1.3863,1.7949,1.2918,-0.0163,-0.0163,-8.9961
2005-05-31,72,3,84.3269,44.995,85.5556,,,,0.5995,0.5383,1.1066,0.8951,1.8555,1.5441,1.8412,1.3209,0.0,0.0,-12.9228
2005-06-30,70,3,80.7102,45.8352,85.8696,,,,0.3828,0.3273,1.0626,0.8373,1.8608,1.5513,1.7425,1.2352,-0.0162,-0.0162,-14.2558
2005-07-31,68,3,77.4904,43.8964,86.1702,,,,0.4953,0.4363,1.217,0.9729,1.8137,1.5201,1.6604,1.1783,0.0,0.0,-17.918
2005-08-31,71,3,82.696,47.9984,80.2083,,,,0.4452,0.3906,0.9155,0.7177,1.7763,1.4982,1.5525,1.1028,0.0,0.0,-18.0591
2005-09-30,71,3,88.645,43.7367,78.5714,,,,0.3114,0.2855,0.8202,0.6532,1.7873,1.5386,1.4671,1.0651,0.0,0.0,-17.3643
2005-10-31,71,3,91.7143,39.6223,79.0,,,,0.2468,0.2295,0.717,0.5754,1.8553,1.5954,1.466,1.0652,0.0,0.0,-16.8668
2005-11-30,71,3,89.8289,36.5344,85.2941,,,,0.3166,0.2911,0.5954,0.4827,1.8721,1.591,1.2767,0.8949,0.0,0.0,-17.3028
2005-12-31,59,3,65.3409,36.8719,77.8846,,,,0.2353,0.2049,0.6,0.4994,1.7275,1.4507,1.1098,0.7579,0.0,0.0,-13.724
2006-01-31,57,3,66.2571,27.9368,82.0755,,,,0.1473,0.1239,0.5618,0.4687,1.4727,1.228,0.9964,0.6742,0.0,0.0,-8.669
2006-02-28,56,3,66.0377,23.9228,82.0755,,,,0.1982,0.1699,0.6991,0.5928,1.4775,1.2263,1.1622,0.8166,0.0,0.0,-8.9182
2006-03-31,32,3,59.9812,20.3215,0.9259,,,,0.1759,0.1439,0.6589,0.559,1.5548,1.2874,1.2352,0.8749,0.0,0.0,-9.9734
2006-04-30,34,3,57.6128,21.2516,13.3929,,,,0.1113,0.0832,0.4566,0.3744,1.4239,1.1709,1.0327,0.707,-0.0409,-0.0409,-2.6132
2006-05-31,35,3,57.8799,15.8997,23.6842,,,,-0.0119,-0.0379,0.3763,0.3006,1.2415,1.0071,0.8681,0.5698,-0.1319,-0.1319,6.6658
2006-06-30,31,3,52.9026,11.2194,21.5517,,,,0.1007,0.0718,0.5872,0.4913,1.5654,1.3029,1.1409,0.7985,-0.0168,-0.0168,-5.7298
2006-07-31,36,3,56.9159,18.9782,24.5763,,,,0.0489,0.0251,0.4732,0.3921,1.4811,1.2335,1.1088,0.7821,-0.0757,-0.0757,-0.5301
2006-08-31,47,3,60.7276,15.7879,64.1667,,,,0.0506,0.031,0.4992,0.4182,1.7788,1.5047,1.1169,0.7935,-0.0742,-0.0742,-1.0749
2006-09-30,49,3,61.9181,17.166,68.0328,,,,0.1923,0.1595,0.6672,0.5663,1.9632,1.652,1.2191,0.866,-0.0201,-0.0201,-6.9235
2006-10-31,51,3,58.2714,24.9703,73.3871,,,,0.2884,0.2435,0.7799,0.6598,1.843,1.5314,1.1621,0.8058,0.0,0.0,-10.1084
2006-11-30,49,3,62.2449,28.9099,54.7619,,,,0.2834,0.2297,0.7946,0.6687,1.7691,1.4623,0.9713,0.6453,0.0,0.0,-5.6647
2006-12-31,50,3,58.3333,21.4769,75.7812,,,,0.2746,0.2243,0.8016,0.6835,1.6032,1.3268,0.8365,0.5373,0.0,0.0,-7.2104
2007-01-31,51,3,56.0998,24.92,76.1538,,,,0.4105,0.3524,0.7718,0.6573,1.6212,1.3405,0.8891,0.5775,0.0,0.0,-8.8614
2007-02-28,54,3,60.2399,28.1064,76.1538,,,,0.3865,0.3313,0.6466,0.5477,1.6241,1.3471,0.8556,0.5531,-0.015,-0.015,-6.5063
2007-03-31,53,3,63.8122,20.5956,76.5152,,,,0.4779,0.4214,0.6992,0.6049,1.5588,1.2958,0.8794,0.5819,0.0,0.0,-10.2002
2007-04-30,53,3,62.0404,24.8641,77.2059,,,,0.3402,0.2899,0.6922,0.6027,1.4286,1.1819,0.866,0.5734,-0.0339,-0.0339,-9.7031
2007-05-31,50,3,55.3211,24.436,74.6377,,,,0.3328,0.2805,0.8066,0.719,1.3823,1.1536,0.8681,0.5829,-0.0165,-0.0165,-13.3769
2007-06-30,51,3,49.359,36.4959,72.1429,,,,0.3552,0.2914,0.8796,0.7933,1.4375,1.2104,0.9207,0.6302,0.0,0.0,-16.8521
2007-07-31,51,3,55.6673,29.8708,69.7183,,,,0.4135,0.3399,0.794,0.7115,1.397,1.1769,0.8602,0.5811,0.0,0.0,-17.9255
2007-08-31,51,3,58.4854,30.5018,67.3611,,,,0.2617,0.1981,0.8286,0.7425,1.4511,1.2139,0.9293,0.6341,0.0,0.0,-20.3634
2007-09-30,47,3,59.6539,30.9369,45.8904,,,,0.1641,0.1092,0.7826,0.7032,1.4474,1.2094,0.8429,0.5596,0.0,0.0,-16.4682
2007-10-31,43,3,66.8182,18.4919,37.0214,,,,0.0689,0.0304,0.7775,0.6976,1.3139,1.0897,0.6954,0.438,0.0,0.0,-12.7916
2007-11-30,45,3,79.0381,13.6422,30.0,,,,-0.0558,-0.0661,0.6998,0.632,1.1365,0.9479,0.5906,0.3561,-0.0558,-0.0558,-7.4739
2007-12-31,49,3,71.7391,11.3406,61.4626,,,,0.0162,0.0164,0.7323,0.6613,1.0984,0.9189,0.5741,0.3431,-0.0523,-0.0523,-7.3273
2008-01-31,55,3,81.8264,12.464,65.3199,,,,-0.0348,-0.0337,0.5281,0.4658,0.8787,0.7205,0.4955,0.275,-0.1449,-0.1449,2.566
2008-02-29,50,3,80.7762,9.5762,54.0064,,,,0.0228,0.0227,0.4913,0.4294,0.7657,0.6122,0.4436,0.2305,-0.1746,-0.1746,6.5653
2008-03-31,50,3,83.8739,6.6063,52.5535,,,,-0.0455,-0.0412,0.47,0.4068,0.6457,0.5122,0.3688,0.1707,-0.2138,-0.2138,11.6872
2008-04-30,46,3,79.2266,5.4171,46.1458,,,,-0.022,-0.0163,0.6275,0.5538,0.6352,0.5092,0.467,0.2543,-0.1637,-0.1637,5.3682
2008-05-31,49,3,78.9048,8.8647,51.8718,,,,0.045,0.0557,0.7019,0.6292,0.5906,0.4761,0.4657,0.2577,-0.144,-0.144,3.1196
2008-06-30,53,3,77.509,10.9913,67.3971,,,,0.0641,0.0774,0.7199,0.6637,0.5107,0.4133,0.4421,0.2493,-0.144,-0.144,2.7608
2008-07-31,51,3,75.3131,12.0632,62.2855,,,,-0.0064,0.0135,0.6734,0.626,0.3681,0.2865,0.317,0.1482,-0.1904,-0.1904,8.125
2008-08-31,48,3,77.9464,9.2144,50.9979,,,,0.1311,0.1481,1.0965,1.0278,0.6114,0.5095,0.4327,0.245,-0.093,-0.093,-3.4449
2008-09-30,50,3,65.5971,27.3263,55.7983,,,,0.2012,0.218,1.1349,1.0622,0.6253,0.5232,0.4434,0.2528,-0.0831,-0.0831,-5.4362
2008-10-31,40,3,39.4128,32.1929,51.4373,,,,0.2924,0.2953,1.0644,0.9756,0.632,0.5155,0.5056,0.2925,-0.057,-0.057,-9.4138
2008-11-30,45,3,46.6252,38.6195,52.7182,,,,0.4809,0.4531,1.2852,1.1442,0.6767,0.5267,0.6045,0.3539,0.0,0.0,-16.3554
2008-12-31,54,3,66.1348,50.8302,38.6214,,,,0.3909,0.3529,1.0098,0.8698,0.4975,0.3488,0.5319,0.2812,0.0,0.0,-13.2121
2009-01-31,57,3,72.1239,38.7746,55.0706,,,,0.3015,0.2683,0.9255,0.791,0.4482,0.3044,0.5041,0.2621,0.0,0.0,-11.1042
2009-02-28,60,3,67.7562,41.3599,70.9199,,,,0.1612,0.1367,0.8505,0.7239,0.3786,0.2449,0.3998,0.1754,-0.0562,-0.0562,-4.5306
2009-03-31,59,3,81.746,21.1816,72.7033,,,,0.2045,0.1776,0.8139,0.6845,0.4459,0.3017,0.408,0.1766,-0.0368,-0.0368,-7.5876
2009-04-30,63,3,79.6655,30.4628,76.7987,,,,0.291,0.2631,0.8528,0.7196,0.4584,0.3119,0.4449,0.2042,0.0,0.0,-12.3511
2009-05-31,61,3,74.5167,32.205,76.0565,,,,0.2971,0.2716,0.7104,0.5931,0.3875,0.2476,0.3821,0.1533,0.0,0.0,-10.4711
2009-06-30,55,3,70.7018,21.797,71.9415,,,,0.3034,0.2889,0.6903,0.5887,0.352,0.2241,0.4366,0.209,-0.0127,-0.0127,-10.7764
2009-07-31,53,3,70.5779,19.4006,69.6491,,,,0.2773,0.2604,0.7066,0.6031,0.4036,0.2691,0.5128,0.2699,0.0,0.0,-13.8233
2009-08-31,59,3,74.5629,28.1066,73.9017,,,,0.2813,0.2668,0.7176,0.6095,0.3646,0.2381,0.5806,0.33,0.0,0.0,-14.2775
2009-09-30,56,3,78.6213,16.9799,70.1031,,,,0.2748,0.2607,0.7503,0.6354,0.2407,0.1278,0.5155,0.2758,0.0,0.0,-11.864
2009-10-31,55,3,80.4007,11.6211,70.6739,,,,0.2867,0.2718,0.675,0.5656,0.1716,0.0684,0.4334,0.2068,0.0,0.0,-9.677
2009-11-30,56,3,84.9565,8.8335,71.7275,,,,0.2156,0.2026,0.528,0.4353,0.0426,-0.0443,0.3052,0.0995,-0.0284,-0.0284,-4.4088
2009-12-31,53,3,80.816,5.4182,70.25,,,,0.2256,0.2082,0.4846,0.3955,0.0581,-0.0265,0.3031,0.0951,-0.0352,-0.0352,-5.2189
2010-01-31,51,3,82.7556,6.5162,55.5911,,,,0.2165,0.1961,0.4955,0.4039,0.119,0.0367,0.3962,0.1719,-0.0206,-0.0206,-8.1492
2010-02-28,48,3,79.8443,8.7148,45.7778,,,,0.2557,0.2296,0.4868,0.3868,0.1205,0.0346,0.4584,0.2223,0.0,0.0,-11.4911
2010-03-31,49,3,76.5112,14.323,48.756,,,,0.2785,0.2459,0.4313,0.3393,0.0593,-0.0243,0.4304,0.2047,0.0,0.0,-11.7611
2010-04-30,50,3,81.2931,12.5239,49.7062,,,,0.2889,0.2505,0.295,0.2146,0.0435,-0.0396,0.4648,0.2438,0.0,0.0,-10.7811
2010-05-31,51,3,82.7883,10.0196,51.5152,,,,0.2556,0.2136,0.1734,0.0995,-0.005,-0.0877,0.4241,0.2097,-0.01,-0.0249,-8.3919
2010-06-30,52,3,84.9656,8.6132,53.2598,,,,0.2401,0.1981,0.0892,0.0178,-0.0414,-0.1239,0.4047,0.187,-0.0324,-0.047,-7.9991
2010-07-31,51,3,84.3911,8.2233,54.0662,,,,0.3185,0.273,0.078,0.0072,-0.0545,-0.1356,0.5482,0.304,0.0,-0.0545,-12.5446
2010-08-31,54,3,86.387,11.9004,54.3822,,,,0.4465,0.3942,0.1118,0.0379,-0.0806,-0.1583,0.6192,0.3608,0.0,-0.0806,-12.9105
2010-09-30,55,3,89.1453,11.7999,53.903,,,,0.3942,0.343,0.0614,-0.008,-0.1149,-0.1865,0.5122,0.2695,0.0,-0.1204,-11.6603
2010-10-31,54,3,90.529,10.2776,52.1591,,,,0.2414,0.1992,-0.0186,-0.0801,-0.1364,-0.2043,0.4158,0.1913,0.0,-0.1669,-9.2132
2010-11-30,53,3,89.1823,8.4644,52.1119,,,,0.2693,0.227,-0.0686,-0.1263,-0.2073,-0.2687,0.362,0.1463,-0.0073,-0.2073,-8.9734
2010-12-31,53,4,85.119,9.5788,50.8137,60.1042,,,0.179,0.144,-0.1215,-0.1748,-0.2265,-0.2827,0.3357,0.1238,-0.0223,-0.2265,-9.3735
2011-01-31,54,4,84.3803,9.4395,50.7866,70.4751,,,0.2162,0.1807,-0.0853,-0.1401,-0.1926,-0.2486,0.3728,0.1559,0.0,-0.2088,-12.6303
2011-02-28,55,4,84.8305,11.5053,50.7432,74.6452,,,0.2691,0.2333,-0.0545,-0.1093,-0.1273,-0.184,0.3149,0.107,0.0,-0.2175,-13.1642
2011-03-31,54,4,85.8714,11.5197,44.6862,75.7236,,,0.1778,0.1481,-0.0611,-0.1128,-0.1251,-0.1803,0.2073,0.0163,0.0,-0.2439,-11.9615
2011-04-30,56,4,88.598,9.9731,44.7819,83.744,,,0.1134,0.0887,-0.1236,-0.1694,-0.1614,-0.2137,0.1884,-0.0011,0.0,-0.2735,-9.6824
2011-05-31,57,5,88.4486,8.5112,43.7492,90.7547,57.5,,0.0502,0.0323,-0.1481,-0.1916,-0.1666,-0.2179,0.2227,0.0242,0.0,-0.2888,-8.5982
2011-06-30,50,5,89.4781,9.2409,43.7999,86.6162,9.0164,,0.0458,0.0288,-0.1635,-0.2073,-0.1655,-0.219,0.2001,-0.0032,0.0,-0.2963,-8.0344
2011-07-31,52,5,90.1681,10.0095,44.4587,87.517,16.9355,,0.0134,-0.0008,-0.1666,-0.209,-0.15,-0.2021,0.1494,-0.0472,0.0,-0.316,-5.7633
2011-08-31,58,5,91.1913,7.3587,44.6131,80.9611,70.6349,,-0.0733,-0.0887,-0.2638,-0.299,-0.2382,-0.2839,0.0148,-0.1585,-0.0966,-0.3883,5.257
2011-09-30,54,5,91.206,4.1031,42.9985,49.7712,80.4688,,-0.0152,-0.0341,-0.3019,-0.3339,-0.2511,-0.2964,0.0017,-0.1713,-0.1033,-0.3928,6.6993
2011-10-31,54,5,90.8863,4.7153,44.7234,58.7438,73.0769,,0.0486,0.0265,-0.2665,-0.2995,-0.2395,-0.2867,0.0666,-0.1254,-0.0462,-0.3541,0.4379
2011-11-30,53,5,91.4023,10.8882,47.2102,38.5534,61.3636,,-0.0098,-0.0272,-0.3243,-0.3523,-0.2881,-0.3318,0.0477,-0.1467,-0.0863,-0.3813,4.4355
2011-12-31,53,5,91.75,9.0307,47.8694,38.4028,69.403,,0.0274,0.0097,-0.2677,-0.2957,-0.2945,-0.3393,0.0915,-0.1169,-0.0311,-0.3439,-1.4324
2012-01-31,58,5,92.2629,17.2189,51.3333,49.6182,68.3824,,0.0109,-0.0059,-0.2437,-0.2659,-0.2793,-0.326,0.0979,-0.1146,-0.0393,-0.3495,-0.8154
2012-02-29,55,5,92.7741,16.5807,53.3991,47.7114,47.1014,,-0.067,-0.0855,-0.2968,-0.3178,-0.2928,-0.3383,0.0636,-0.1464,-0.0894,-0.3834,4.5469
2012-03-31,56,5,91.791,11.6317,54.7704,42.7937,66.4286,,-0.0495,-0.0637,-0.2965,-0.3179,-0.2655,-0.3109,0.1623,-0.0755,-0.0519,-0.358,0.9882
2012-04-30,58,5,92.3013,18.9252,51.848,43.4005,76.7606,,-0.0976,-0.1078,-0.2729,-0.2945,-0.2317,-0.2789,0.1747,-0.067,-0.0976,-0.3475,-0.2115
2012-05-31,60,5,92.8099,24.0004,51.2707,29.1808,92.3611,,-0.1101,-0.1223,-0.2454,-0.2718,-0.2159,-0.265,0.1636,-0.0864,-0.1101,-0.3228,-2.9735
2012-06-30,62,5,92.8218,33.1156,52.476,29.4289,88.3562,,-0.1601,-0.1743,-0.2608,-0.2892,-0.212,-0.2625,0.1488,-0.1099,-0.1601,-0.3271,-1.3251
2012-07-31,62,5,92.8336,32.9827,49.477,33.5821,93.9189,,-0.1932,-0.2082,-0.2923,-0.3204,-0.224,-0.2737,0.0872,-0.1573,-0.1932,-0.325,-0.0501
2012-08-31,60,5,92.6809,34.865,50.9932,39.614,66.0,,-0.1706,-0.1831,-0.3141,-0.3375,-0.2129,-0.2619,0.0828,-0.1563,-0.211,-0.3399,4.2482
2012-09-30,63,5,93.0213,40.5377,60.2817,55.7434,44.0789,,-0.2269,-0.2353,-0.3553,-0.3729,-0.247,-0.2941,-0.0367,-0.2491,-0.263,-0.3834,13.4375
2012-10-31,61,5,92.7049,28.8502,61.4916,45.122,57.7922,,-0.2461,-0.2527,-0.3366,-0.3536,-0.2673,-0.3118,-0.0475,-0.2596,-0.2639,-0.3841,16.0166
2012-11-30,56,5,92.7169,22.5323,52.8758,51.5951,37.8205,,-0.259,-0.268,-0.3693,-0.3873,-0.2555,-0.3038,0.0017,-0.2247,-0.259,-0.3751,17.0382
2012-12-31,64,5,92.5654,29.6761,58.5457,56.994,76.5823,,-0.2748,-0.2856,-0.3614,-0.379,-0.2499,-0.3001,0.0671,-0.1744,-0.2748,-0.3614,17.3736
2013-01-31,60,5,91.925,26.3773,49.5469,48.9363,76.875,,-0.256,-0.2674,-0.3433,-0.3598,-0.2039,-0.2589,0.1352,-0.1246,-0.2691,-0.3565,19.6011
2013-02-28,61,5,91.9381,27.7772,44.9133,39.4406,96.9136,,-0.2015,-0.2103,-0.2629,-0.2766,-0.1824,-0.2368,0.1394,-0.1195,-0.2494,-0.3391,19.2454
2013-03-31,64,5,91.7886,40.8977,44.1764,41.5402,93.2927,,-0.1613,-0.1746,-0.2185,-0.2375,-0.1682,-0.2259,0.2009,-0.0758,-0.2329,-0.3245,18.7391
2013-04-30,65,5,92.2078,41.5029,44.7421,43.9743,98.1928,,-0.1277,-0.1449,-0.1653,-0.1905,-0.1028,-0.1689,0.3441,0.0288,-0.1788,-0.2769,12.41
2013-05-31,65,5,89.8703,46.5662,40.523,44.2069,97.0238,,-0.0884,-0.1077,-0.1082,-0.1367,-0.0785,-0.1479,0.4088,0.077,-0.1358,-0.239,7.9789
2013-06-30,63,5,86.6505,48.7812,39.8844,32.4786,99.4118,,-0.0477,-0.0669,-0.0499,-0.0806,-0.0454,-0.1161,0.4468,0.1062,-0.0901,-0.1988,3.3246
2013-07-31,65,5,87.8029,51.3581,40.6534,42.106,92.4419,,0.0194,-0.0003,0.0397,0.0085,-0.0373,-0.1075,0.5171,0.16,-0.0498,-0.1633,-0.6615
2013-08-31,61,5,86.371,52.8513,38.9812,28.1386,77.5862,,-0.0422,-0.0583,-0.0089,-0.0381,-0.1109,-0.1753,0.4194,0.0826,-0.0962,-0.2041,4.2697
2013-09-30,62,5,87.6812,50.7607,37.3321,35.4241,86.9318,,-0.083,-0.0982,-0.0163,-0.0474,-0.1119,-0.1776,0.4203,0.0795,-0.0941,-0.2024,4.4043
2013-10-31,64,5,88.0225,51.507,38.7878,44.5381,85.9551,,-0.0721,-0.0868,-0.038,-0.0701,-0.0774,-0.1472,0.4548,0.1048,-0.0721,-0.183,2.6643
2013-11-30,63,5,86.5169,51.9736,38.523,29.7527,97.2222,,-0.0792,-0.0904,-0.0298,-0.0616,-0.0431,-0.1132,0.5549,0.1812,-0.0792,-0.1567,0.0959
2013-12-31,63,5,84.0545,52.7871,38.2619,28.8318,99.4505,,-0.0172,-0.0236,-0.0532,-0.0841,0.0229,-0.0501,0.6579,0.2604,-0.0385,-0.1195,-3.4541
2014-01-31,61,5,86.0,53.7976,38.5093,23.3657,86.413,,0.0056,0.0079,-0.0418,-0.0746,0.0386,-0.0324,0.635,0.2422,-0.0555,-0.135,-1.5676
2014-02-28,59,5,86.8211,52.5043,39.5017,29.663,58.6022,,-0.0562,-0.0553,-0.0508,-0.0837,0.0154,-0.0559,0.5562,0.1787,-0.0962,-0.1723,2.8147
2014-03-31,57,5,85.8852,48.8574,38.2228,30.9997,59.0426,,-0.1175,-0.1173,-0.0786,-0.1083,-0.0262,-0.0961,0.6153,0.2206,-0.1205,-0.1946,6.1714
2014-04-30,61,5,87.5,43.9775,53.0154,28.6932,73.1579,,-0.0763,-0.0753,-0.0239,-0.0548,-0.0092,-0.0821,0.7958,0.3566,-0.0948,-0.171,4.2297
2014-05-31,65,5,88.1558,44.5614,53.7851,42.3073,83.8542,,-0.0698,-0.0701,-0.0334,-0.0614,-0.0039,-0.0756,0.8239,0.3798,-0.0884,-0.1652,4.1903
2014-06-30,62,5,88.0159,43.2007,54.7047,49.6078,56.1856,,-0.0758,-0.0775,-0.0149,-0.0428,0.0625,-0.0123,0.8186,0.3782,-0.0813,-0.1587,4.0026
2014-07-31,60,5,88.1933,41.6134,54.9616,41.4275,50.5102,,-0.1396,-0.1415,-0.0564,-0.0825,0.0778,0.0007,0.8291,0.3854,-0.1396,-0.1793,7.3057
2014-08-31,62,6,88.0538,29.1921,55.5485,38.8482,64.1414,97.5,-0.1367,-0.1388,-0.0093,-0.0405,0.1583,0.0743,0.9073,0.4421,-0.1367,-0.1691,7.3315
2014-09-30,62,6,86.019,40.0107,54.8545,18.6943,94.5,68.0328,-0.0905,-0.0906,0.0622,0.0236,0.2215,0.1312,1.0784,0.5682,-0.0962,-0.1302,3.7846
2014-10-31,62,6,87.4606,45.7113,54.949,18.9783,83.6634,65.3226,-0.0516,-0.0528,0.0475,0.0084,0.2234,0.1296,1.2013,0.6559,-0.0851,-0.1195,3.3457
2014-11-30,56,6,87.2441,45.9059,56.298,12.0708,82.8431,10.3175,-0.0757,-0.0798,0.0911,0.0456,0.2519,0.1505,1.2562,0.6892,-0.0757,-0.0843,-0.1936
2014-12-31,58,6,85.0629,48.1065,58.2244,6.1053,64.5631,53.9062,-0.1041,-0.1098,0.0525,0.0034,0.2315,0.1249,1.2048,0.6401,-0.1041,-0.1041,2.713
2015-01-31,54,6,88.6185,43.9457,60.85,5.585,31.25,48.4615,-0.1223,-0.133,0.0639,0.0036,0.2478,0.1304,1.1663,0.5943,-0.1399,-0.1399,7.9975
2015-02-28,59,6,87.8527,36.0677,61.1898,3.9981,59.5238,81.0606,-0.022,-0.0302,0.0848,0.0231,0.3015,0.1815,1.3594,0.737,-0.1231,-0.1231,7.0645
2015-03-31,63,6,88.1847,43.3989,58.1244,2.498,97.6415,76.8657,0.056,0.0466,0.1238,0.0626,0.3503,0.2347,1.5301,0.867,-0.0874,-0.0874,3.0564
2015-04-30,61,6,88.8281,48.9979,41.557,3.9196,86.4486,80.1471,0.0359,0.0239,0.1134,0.0511,0.4037,0.2951,1.6839,0.9794,-0.1026,-0.1026,4.3553
2015-05-31,61,6,87.1295,45.6281,43.2675,2.8914,76.3889,93.4783,0.0517,0.0405,0.0867,0.027,0.4312,0.326,1.7598,1.04,-0.1026,-0.1026,4.0668
2015-06-30,61,6,85.9813,44.7531,40.7431,3.3024,92.2018,89.2857,0.0795,0.068,0.0846,0.0269,0.4653,0.3548,1.8367,1.0974,-0.0897,-0.0897,2.1874
2015-07-31,59,6,85.381,45.979,37.612,2.4019,99.5455,66.9014,0.1853,0.1751,0.0975,0.0399,0.6374,0.5086,1.961,1.1877,-0.0461,-0.0461,-3.067
2015-08-31,61,6,83.7733,50.9008,57.221,1.4174,92.3423,56.25,0.1986,0.1861,0.0751,0.0169,0.7612,0.6166,2.0125,1.2181,-0.0376,-0.0376,-5.2174
2015-09-30,63,6,83.0233,50.6695,58.8384,3.7851,98.6607,63.6986,0.1796,0.1616,0.0649,0.0029,0.7084,0.5606,2.2604,1.3882,-0.0436,-0.0436,-6.0132
2015-10-31,60,6,83.3591,48.3856,60.8456,6.4839,49.115,84.4595,0.0932,0.0751,0.0483,-0.0141,0.6393,0.4971,2.5013,,-0.0716,-0.0716,-4.4796
2015-11-30,62,6,83.3849,43.3025,59.7554,6.0512,99.5614,65.3333,0.14,0.1211,0.1243,0.0594,0.7182,0.5675,2.7634,1.7556,-0.0092,-0.0092,-11.1616
2015-12-31,65,6,81.713,49.029,59.5525,8.7731,98.6957,88.8158,0.0753,0.0537,0.1617,0.0927,0.7268,0.5667,3.0046,1.9204,0.0,0.0,-12.9933
2016-01-31,65,6,83.359,50.4282,58.1348,10.9864,95.2586,79.8701,0.0856,0.059,0.1767,0.1072,0.7004,0.5383,3.3288,2.15,0.0,0.0,-11.8097
2016-02-29,57,6,87.0,49.6827,66.5346,12.2057,57.6923,26.2821,0.0283,0.0002,0.1,0.0306,0.5067,0.3567,3.1833,2.032,-0.0358,-0.0358,-4.3354
2016-03-31,57,6,87.3272,33.4198,75.2,17.8203,45.339,56.3291,-0.0112,-0.0348,0.045,-0.0216,0.3799,0.2399,2.9004,1.8115,-0.0707,-0.0707,-0.9862
2016-04-30,51,6,88.1902,22.7171,73.92,19.2756,23.9496,39.375,0.0201,-0.0016,0.0354,-0.0305,0.4171,0.2703,2.8011,1.7329,-0.0684,-0.0684,-1.1302
2016-05-31,58,6,87.0597,24.6329,78.1707,16.623,40.4167,83.9506,-0.0119,-0.0299,0.0182,-0.0445,0.4671,0.3095,2.6376,1.6092,-0.0825,-0.0825,0.2153
2016-06-30,51,6,88.9144,22.0476,84.0875,14.7661,2.8926,50.6098,-0.0125,-0.0285,0.065,0.0025,0.4381,0.2764,2.3135,1.3934,-0.0933,-0.0933,1.5089
2016-07-31,55,6,89.2366,20.6284,87.5254,17.6823,2.8689,78.9157,-0.0748,-0.0905,0.0568,-0.008,0.3523,0.1941,2.0464,,-0.1346,-0.1346,6.4725
2016-08-31,53,6,88.7195,13.7183,76.4637,31.122,4.4715,74.4048,-0.0425,-0.0606,0.1194,0.0517,0.3321,0.1751,,,-0.1366,-0.1366,7.3866
2016-09-30,53,6,89.1172,14.0721,70.6718,25.9292,2.0161,94.7059,-0.0098,-0.0309,0.1387,0.0709,0.3376,0.1778,,,-0.1281,-0.1281,6.7114
2016-10-31,55,6,88.5258,16.3962,68.0757,16.8514,48.4,70.3488,0.0103,-0.0098,0.18,0.1092,0.4025,0.226,,,-0.0868,-0.0868,1.9652
2016-11-30,54,6,85.2807,25.2354,65.3416,15.1068,50.3968,61.4943,0.0355,0.0135,0.1882,0.1152,0.4717,0.2771,,,-0.0654,-0.0654,-0.4513
2016-12-31,59,6,83.2576,26.6712,61.1839,14.5644,90.1575,72.1591,0.0925,0.0697,0.2783,0.1993,0.5471,0.3366,,,0.0,0.0,-7.2319
2017-01-31,64,6,85.5522,39.0364,55.025,25.5266,85.5469,88.2022,0.1166,0.0931,0.3096,0.2312,0.5235,0.3136,,,0.0,0.0,-5.1524
2017-02-28,62,6,86.0272,37.2068,50.778,25.6912,74.8062,90.5556,0.0786,0.0547,0.2942,0.2181,0.5041,0.29,,,-0.0024,-0.0292,-2.7114
2017-03-31,59,6,85.3695,36.5243,44.0831,18.0939,65.0,99.4505,0.0764,0.0518,0.2933,0.2222,0.5825,0.3416,,,0.0,-0.0268,-3.5537
2017-04-30,58,6,85.7681,41.9492,48.3599,14.7237,33.2061,99.4565,0.0537,0.0283,0.3283,0.2669,0.5288,0.2937,,,-0.0237,-0.0545,-1.3417
2017-05-31,58,6,84.5865,30.7342,43.6318,29.6672,59.4697,98.3871,0.0457,0.0174,0.3772,0.3137,0.4839,0.243,,,-0.0072,-0.0385,-3.3943
2017-06-30,62,6,84.0841,40.5396,36.6071,33.7302,76.3158,99.4681,0.0175,-0.0103,0.3746,0.3057,0.4579,0.2069,,,-0.0183,-0.0492,-2.6775
2017-07-31,62,6,84.1079,36.3197,35.3774,42.97,78.7313,98.4211,0.0008,-0.027,0.4931,0.4116,0.401,0.1603,,,0.0,-0.0315,-4.5944
2017-08-31,58,6,85.7784,44.3169,37.8319,45.3069,24.0741,93.2292,-0.0631,-0.0873,0.5347,0.451,0.3757,0.143,,,-0.0631,-0.0663,-1.0536
2017-09-30,56,6,84.6039,34.7541,42.8403,42.7016,22.4265,96.3918,-0.0883,-0.1091,0.4627,0.3864,0.2793,0.0638,,,-0.0883,-0.0883,1.9123
2017-10-31,56,6,82.5373,31.0398,42.073,40.2329,39.0511,96.4286,-0.0508,-0.0739,0.4844,0.4063,0.3,0.0759,,,-0.0641,-0.0641,0.0613
2017-11-30,58,6,83.3085,29.5458,48.5411,49.2793,35.1449,98.4848,-0.0476,-0.0676,0.4555,0.3795,0.3456,0.1136,,,-0.0655,-0.0655,0.6642
2017-12-31,62,6,84.0774,28.6936,55.8691,48.9426,55.7554,99.5,-0.0111,-0.0305,0.4699,0.3901,0.4225,0.1796,,,-0.0522,-0.0522,-0.3387
2018-01-31,58,6,81.055,28.2762,61.5733,56.5076,27.5,85.6436,-0.0293,-0.0435,0.4027,0.3289,0.426,0.1813,,,-0.0999,-0.0999,5.0422
2018-02-28,57,6,78.4125,24.1941,57.0354,52.4228,35.1064,95.5882,-0.0083,-0.0231,0.3584,0.286,0.3937,0.1536,,,-0.0999,-0.0999,5.2938
2018-03-31,59,6,79.1852,24.7998,61.5102,51.2698,39.0845,97.5728,-0.0181,-0.0363,0.2966,0.2213,0.4438,0.1939,,,-0.0958,-0.0958,4.8882
2018-04-30,61,6,77.2929,25.6686,61.375,48.4151,66.0839,98.5577,-0.0367,-0.0556,0.3184,0.2373,0.4981,0.2378,,,-0.1026,-0.1026,5.8347
2018-05-31,63,6,76.8833,25.9271,58.1381,39.2079,96.875,99.5238,-0.0146,-0.032,0.4198,0.3267,0.5288,0.264,,,-0.0806,-0.0806,3.6078
2018-06-30,62,6,78.8348,29.8948,55.4374,24.3623,97.5862,99.5283,0.0601,0.0426,0.4314,0.3275,0.5156,0.2514,,,-0.0655,-0.0655,2.0593
2018-07-31,63,6,76.6568,36.4685,57.3376,21.9448,98.9726,93.9252,0.1414,0.1209,0.4604,0.3493,0.5759,0.2997,,,-0.0323,-0.0323,-1.8995
2018-08-31,62,6,78.3824,41.4974,48.4928,17.9464,99.6599,93.0556,0.2479,0.2266,0.485,0.3706,0.5965,0.3127,,,-0.0033,-0.0033,-5.7542
2018-09-30,63,6,75.8443,49.5601,43.3202,18.5023,99.6622,99.5413,0.2613,0.2404,0.4816,0.3641,0.5993,0.3126,,,0.0,0.0,-7.7179
2018-10-31,61,6,74.2669,50.9269,39.6829,17.8068,96.9799,85.0,0.2305,0.2095,0.4626,0.3368,0.577,0.2955,,,0.0,0.0,-8.1591
2018-11-30,60,6,73.2064,47.7246,41.7844,11.4708,98.3333,91.4414,0.2048,0.1801,0.4922,0.3514,0.6249,0.332,,,0.0,0.0,-9.274
2018-12-31,58,6,74.4883,46.7221,44.5792,14.7569,85.0993,72.7679,0.1832,0.1564,0.432,0.2888,0.6208,0.327,,,0.0,0.0,-8.5691
2019-01-31,61,6,75.5474,42.6012,49.3154,14.1533,93.0921,93.3628,0.2082,0.1776,0.4056,0.2564,0.5743,0.2839,,,-0.0062,-0.0062,-6.8307
2019-02-28,58,6,78.7172,37.5304,46.3958,16.4557,68.3007,99.5614,0.2098,0.1822,0.4061,0.252,0.5326,0.2485,,,-0.0273,-0.0273,-6.2787
2019-03-31,58,6,82.5328,32.523,44.1253,12.3668,77.5974,98.6957,0.2237,0.2057,0.4973,0.3235,0.6587,0.3504,,,-0.0131,-0.0131,-9.0523
2019-04-30,60,6,81.6134,35.2494,37.5772,13.9738,95.8065,99.569,0.3087,0.3046,0.5062,0.3323,0.8126,0.478,,,-0.0016,-0.0016,-11.6066
2019-05-31,61,6,82.8012,37.824,41.3448,18.0083,90.7051,99.5726,0.3364,0.3338,0.44,0.2621,0.831,0.4926,,,0.0,0.0,-13.7067
2019-06-30,55,6,86.8116,36.8062,52.6228,28.6667,37.8981,56.3559,0.2745,0.2654,0.3517,0.1696,0.7116,0.3954,,,0.0,0.0,-10.8867
2019-07-31,55,6,87.0478,22.6292,59.5983,23.2783,45.8861,69.3277,0.3071,0.2942,0.2265,0.0638,0.6971,0.3845,,,0.0,0.0,-9.2117
2019-08-31,54,6,90.3902,16.144,73.9053,18.056,34.9057,62.9167,0.3127,0.2961,0.1767,0.0209,0.6467,0.3424,,,-0.0193,-0.0193,-5.7005
2019-09-30,53,6,88.6724,10.1364,76.517,17.8907,35.3125,69.0083,0.272,0.2546,0.1125,-0.0373,0.7015,0.3863,,,-0.0265,-0.0265,-7.0084
2019-10-31,57,6,87.536,10.264,77.1311,34.2161,43.1677,77.459,0.2709,0.2555,0.113,-0.0395,0.7993,0.466,,,-0.0161,-0.0161,-9.7563
2019-11-30,58,6,88.5612,12.5476,74.9601,30.2183,40.4321,96.3415,0.2685,0.2538,0.1727,0.0121,0.8022,0.4683,,,0.0,0.0,-12.9528
2019-12-31,57,6,88.2184,15.5309,72.5602,35.5426,38.3436,78.629,0.2563,0.2399,0.2157,0.0521,0.7904,0.458,,,0.0,0.0,-14.253
2020-01-31,56,6,90.1722,17.1334,70.571,26.1731,30.7927,80.4,0.196,0.1798,0.2159,0.0488,0.7361,0.4104,,,0.0,0.0,-11.293
2020-02-29,49,6,91.3324,13.5178,73.32,19.5197,37.2727,20.2381,0.1321,0.1135,0.1616,-0.0011,0.8128,0.4701,,,-0.0031,-0.0031,-10.6446
2020-03-31,49,6,91.4878,12.415,74.0118,10.0519,61.1446,2.3622,0.0791,0.0511,0.2016,0.0275,0.8737,0.5122,,,0.0,0.0,-11.8938
2020-04-30,51,6,92.3571,13.1009,82.7702,9.0516,58.982,8.2031,0.0458,0.0042,0.1884,0.0047,0.9121,0.5284,,,0.0,-0.0113,-7.5037
2020-05-31,55,6,92.1541,8.5986,83.6825,17.0269,60.4167,40.6977,0.0781,0.0276,0.1608,-0.0211,0.9283,0.5385,,,0.0,-0.0303,-6.0618
2020-06-30,53,6,93.0912,8.0969,81.8044,14.123,55.3254,34.2308,0.0595,0.0062,0.1218,-0.0515,0.9359,0.5481,,,-0.0081,-0.0393,-5.7952
2020-07-31,53,6,94.0967,10.3277,81.3572,27.1008,63.8235,8.7786,-0.0211,-0.0699,0.0563,-0.1041,0.8083,0.4501,,,-0.0698,-0.0991,-0.039
2020-08-31,53,6,94.1051,7.037,70.2703,40.5107,71.6374,13.2576,-0.0934,-0.1379,-0.0254,-0.1743,0.7105,0.372,,,-0.1275,-0.1549,6.7553
2020-09-30,51,6,93.8298,5.0519,64.9972,33.1793,72.9651,13.1579,-0.0765,-0.1234,-0.0031,-0.1565,0.9084,0.5303,,,-0.1061,-0.1342,5.0456
2020-10-31,51,6,93.6969,7.6891,63.0857,36.0701,65.0289,13.0597,-0.0647,-0.1196,0.0084,-0.1468,1.1358,,,,-0.0958,-0.1242,4.5254
2020-11-30,55,6,93.4229,9.3799,59.0419,49.2072,67.5287,37.4074,-0.0236,-0.0866,0.0632,-0.0998,1.1902,0.758,,,-0.0793,-0.1083,3.2215
2020-12-31,53,6,94.0678,12.1406,56.7841,50.2282,55.7143,29.7794,-0.0366,-0.1011,0.0904,-0.0745,1.3192,0.864,,,-0.0753,-0.1044,2.9793
2021-01-31,54,6,94.0056,14.7256,55.3097,50.8631,58.8068,26.6423,-0.0273,-0.0957,0.0894,-0.0759,1.5458,1.0477,,,-0.0798,-0.1087,3.7962
2021-02-28,55,6,93.0282,17.1697,49.6915,54.6283,70.339,25.0,0.0265,-0.0489,0.1189,-0.0516,1.7765,1.2349,,,-0.0498,-0.0796,0.7428
2021-03-31,59,6,92.0534,23.2966,46.7319,53.4129,85.1124,44.2446,0.1339,0.0444,0.2561,0.0656,1.8265,1.2675,,,0.0,-0.0314,-4.4769
2021-04-30,63,6,92.8371,33.698,35.845,61.5236,81.2849,70.3571,0.1006,0.0169,0.3244,0.1281,1.6824,1.1515,,,0.0,-0.0545,-3.1496
2021-05-31,57,6,93.0575,33.3074,34.0994,62.5246,47.5,55.6738,-0.0005,-0.0792,0.2708,0.0891,1.4795,0.9925,,,-0.0405,-0.1005,1.0026
2021-06-30,57,6,92.9972,25.0969,30.8499,56.5165,74.3094,55.2817,0.0011,-0.0814,0.2676,0.0959,1.3041,0.8751,,,-0.0327,-0.0932,0.1881
2021-07-31,57,6,94.3357,30.1199,30.3558,48.6677,57.4176,68.8811,-0.0415,-0.1163,0.3263,0.1501,1.2528,,,,-0.0415,-0.0796,-1.295
2021-08-31,58,6,93.6453,38.8774,26.5735,45.3246,65.3005,62.5,-0.0112,-0.0863,0.3838,0.2014,,,,,-0.0291,,
2021-09-30,59,6,92.887,43.1122,26.405,45.9555,81.7935,45.8621,-0.053,-0.1247,0.4485,0.2606,,,,,-0.053,,
2021-10-31,58,6,93.5237,42.3993,27.5859,45.3844,62.973,55.4795,-0.0636,-0.131,0.5138,0.3264,,,,,-0.0636,,
2021-11-30,53,6,93.3936,41.2786,29.2288,20.6953,56.1828,44.5578,-0.0532,-0.1162,0.455,0.2821,,,,,-0.0867,,
2021-12-31,56,6,93.2639,33.6662,29.9761,21.5017,62.8342,71.2838,0.0045,-0.056,0.4793,0.3081,,,,,-0.0704,,
2022-01-31,53,6,90.43,38.9052,33.7415,19.5718,57.7128,47.3154,0.0452,-0.017,0.4923,0.3219,,,,,-0.0837,,
2022-02-28,51,6,89.8199,34.1507,39.3112,28.3618,42.5926,40.3333,-0.0005,-0.0567,0.5598,0.3882,,,,,-0.1034,,
2022-03-31,50,6,89.5574,26.2049,45.3268,26.2085,57.6316,23.1788,-0.018,-0.064,0.5313,0.3775,,,,,-0.1458,,
2022-04-30,48,6,87.5,17.6757,48.2639,9.436,68.3246,29.9342,0.0325,-0.0162,0.6613,0.4967,,,,,-0.1409,,
2022-05-31,50,6,84.2069,20.6716,40.6087,9.893,78.3854,45.4248,0.0773,0.0346,0.7896,0.6259,,,,,-0.1001,,
2022-06-30,50,6,75.9642,33.1071,38.475,9.3353,82.1244,43.8312,0.0577,0.0262,0.8253,0.6749,,,,,-0.0942,,
2022-07-31,53,6,82.0495,30.9238,36.3125,7.4463,95.6186,54.5161,0.1258,0.09,0.9273,0.7642,,,,,-0.0398,,
2022-08-31,55,6,79.8764,44.5712,36.8448,6.641,91.0256,54.1667,0.0873,0.0482,0.9082,0.7418,,,,,-0.0572,,
2022-09-30,47,6,62.5514,40.9997,34.4166,3.9604,98.2143,29.6178,0.1398,0.0993,1.182,0.9943,,,,,-0.0101,,
2022-10-31,49,6,62.0548,47.2047,32.5508,4.7134,96.7005,43.9873,0.1514,0.1152,1.4387,,,,,,0.0,,
2022-11-30,52,6,64.5007,48.1477,31.5352,11.4642,89.1414,64.4654,0.1501,0.1152,1.3693,1.1778,,,,,0.0,,
2022-12-31,48,6,62.0902,44.9624,32.9993,12.6608,72.6131,55.9375,0.1268,0.0906,1.3966,1.1966,,,,,0.0,,
2023-01-31,48,6,68.1446,34.2609,30.3549,21.5721,62.25,64.2857,0.0717,0.0395,1.5042,1.3036,,,,,-0.0227,,
2023-02-28,47,6,63.0109,25.5639,29.5855,13.2895,82.3383,75.0,0.0906,0.0572,1.7062,1.4912,,,,,0.0,,
2023-03-31,42,6,67.415,32.0611,27.9482,19.3014,42.3267,40.184,0.1281,0.0901,1.5384,1.3196,,,,,0.0,,
2023-04-30,46,6,67.3913,30.4884,38.576,33.985,40.6404,54.5732,0.1655,0.1276,1.3605,1.1506,,,,,-0.042,,
2023-05-31,45,6,63.8399,20.136,42.4615,25.2131,56.1275,61.5152,0.1802,0.1431,1.3027,1.0914,,,,,-0.0382,,
2023-06-30,48,6,62.6016,18.9378,33.1764,38.8889,62.6829,85.241,0.1971,0.1626,1.176,0.9892,,,,,-0.0139,,
2023-07-31,48,6,62.7876,23.0031,33.2869,43.3971,47.8155,87.7246,0.2291,0.194,1.0876,,,,,,-0.0179,,
2023-08-31,49,6,53.1081,20.4759,35.2211,40.309,92.5121,84.2262,0.2871,0.2544,,,,,,,-0.0016,,
2023-09-30,48,6,46.7611,24.2937,37.7929,40.2354,88.2212,81.3609,0.3419,0.3101,,,,,,,0.0,,
2023-10-31,42,6,42.7224,23.2634,42.7571,38.3316,71.0526,49.1176,0.404,0.3687,,,,,,,0.0,,
2023-11-30,46,6,48.183,23.96,49.0222,40.9062,60.2381,70.4678,0.3362,0.3008,,,,,,,0.0,,
2023-12-31,45,6,58.5349,20.8676,52.3834,41.1152,39.0995,59.593,0.307,0.2705,,,,,,,-0.0015,,
2024-01-31,48,6,54.4295,20.8783,48.5631,27.8532,72.4057,80.6358,0.3324,0.2937,,,,,,,-0.0054,,
2024-02-29,49,6,51.9437,23.4972,43.851,32.8561,73.4742,94.5402,0.431,0.392,,,,,,,0.0,,
2024-03-31,40,6,53.7483,23.8525,36.7284,27.1292,32.4766,65.4286,0.3823,0.3501,,,,,,,0.0,,
2024-04-30,34,6,46.3235,16.0693,36.484,18.6779,39.7674,46.875,0.3805,0.3492,,,,,,,-0.0021,,
2024-05-31,35,6,47.3965,9.9533,34.9554,30.9641,28.9352,61.2994,0.4075,0.3748,,,,,,,-0.0106,,
2024-06-30,36,6,50.4667,9.546,47.8192,15.6821,17.7419,71.0674,0.4415,0.4039,,,,,,,0.0,,
2024-07-31,37,6,52.53,10.3835,54.202,14.1606,32.7982,51.676,0.3928,0.3556,,,,,,,0.0,,
2024-08-31,37,6,59.3085,8.3138,55.0765,27.4364,10.7306,51.3889,0.3636,0.3246,,,,,,,0.0,,
2024-09-30,37,6,61.6866,6.3119,50.6059,36.1659,19.7727,35.0829,0.4267,0.3848,,,,,,,0.0,,
2024-10-31,33,6,51.9894,4.6053,48.0807,28.24,23.7557,33.7912,0.5086,,,,,,,,-0.0156,,
2024-11-30,31,6,51.3907,3.7844,43.6947,11.3646,11.036,52.1858,0.5417,0.5012,,,,,,,-0.0011,,
2024-12-31,31,6,45.8995,5.505,42.6902,6.7069,16.3677,70.3804,0.6273,0.5852,,,,,,,0.0,,
2025-01-31,31,6,47.9524,7.6452,44.4694,9.1985,10.0446,54.3243,0.7539,0.7129,,,,,,,0.0,,
2025-02-28,35,6,52.9683,6.8554,51.4783,13.937,22.4444,50.8065,0.734,0.6928,,,,,,,0.0,,
2025-03-31,35,6,51.7787,3.993,50.6754,16.133,30.7522,50.5348,0.6279,0.5761,,,,,,,0.0,,
2025-04-30,37,6,50.4605,4.4094,50.7321,33.6932,70.7048,13.5638,0.4671,0.4136,,,,,,,0.0,,
2025-05-31,36,6,48.1603,3.5617,50.2053,34.829,57.2368,32.5397,0.3862,0.3308,,,,,,,0.0,,
2025-06-30,39,6,50.9186,3.3954,51.3149,47.3493,43.0131,50.5263,0.261,0.2187,,,,,,,-0.0039,,
2025-07-31,38,6,52.2936,3.391,50.7542,43.1486,34.5652,51.0471,0.2195,,,,,,,,0.0,,
2025-08-31,38,6,56.3482,4.5792,52.3642,42.0305,29.2208,41.4062,,,,,,,,,,,
2025-09-30,40,6,56.9935,5.6042,55.6645,38.5232,49.7845,31.3472,,,,,,,,,,,
2025-10-31,40,6,58.5509,3.3457,56.7277,46.1088,70.6009,4.8969,,,,,,,,,,,
2025-11-30,39,6,57.3664,2.1204,56.7231,47.273,58.7607,11.0256,,,,,,,,,,,
2025-12-31,37,6,53.3203,2.1177,56.959,53.9419,47.8723,4.8469,,,,,,,,,,,
2026-01-31,38,6,53.5761,1.7303,57.6328,59.4512,62.0763,0.2538,,,,,,,,,,,
2026-02-28,40,6,57.8571,1.184,56.0479,57.6842,66.0338,1.2626,,,,,,,,,,,
2026-03-31,36,6,48.8327,1.2464,51.6156,48.3432,69.1176,0.7538,,,,,,,,,,,
2026-04-30,35,6,52.8497,2.074,50.9071,48.2034,51.6736,3.75,,,,,,,,,,,
2026-05-31,31,6,48.2536,4.238,39.8411,45.0048,36.0417,6.7164,,,,,,,,,,,
2026-06-30,29,6,46.0594,7.6712,43.0714,30.6233,31.7427,3.7129,,,,,,,,,,,
2026-07-31,30,6,41.3548,17.9332,43.2781,38.5692,23.7603,7.6355,,,,,,,,,,,
